成品ID	成品名稱	材料ID	材料名稱	單位用量	狀態	備註	建立時間	更新時間
V20-DOME-WIDE1P8-2MP-IR-8P-1P8MM	超廣角1.8MM 兩百萬半球形紅外線 8P 攝影機 - V20 1.8mm	P0324	CY-005 銀色球蓋	1	啟用	固定料件	2026/07/14	2026/07/14
V20-DOME-WIDE1P8-2MP-IR-8P-1P8MM	超廣角1.8MM 兩百萬半球形紅外線 8P 攝影機 - V20 1.8mm	P0336	指撥線	1	啟用	固定料件	2026/07/14	2026/07/14
V20-DOME-WIDE1P8-2MP-IR-8P-1P8MM	超廣角1.8MM 兩百萬半球形紅外線 8P 攝影機 - V20 1.8mm	P0382	V20 1.8mm	1	啟用	選項模組/鏡頭	2026/07/14	2026/07/14
V20-DOME-WIDE1P8-2MP-IR-8P-1P8MM	超廣角1.8MM 兩百萬半球形紅外線 8P 攝影機 - V20 1.8mm	P0451	CY-005 超廣角1.8MM專用球體	1	啟用	固定料件	2026/07/14	2026/07/14
V20-DOME-WIDE1P8-SPECIAL-2MP-IR-8P-1P8MM	超廣角1.8MM專用 兩百萬半球形紅外線 8P 攝影機 - V20 1.8mm	P0324	CY-005 銀色球蓋	1	啟用	固定料件	2026/07/14	2026/07/14
V20-DOME-WIDE1P8-SPECIAL-2MP-IR-8P-1P8MM	超廣角1.8MM專用 兩百萬半球形紅外線 8P 攝影機 - V20 1.8mm	P0336	指撥線	1	啟用	固定料件	2026/07/14	2026/07/14
V20-DOME-WIDE1P8-SPECIAL-2MP-IR-8P-1P8MM	超廣角1.8MM專用 兩百萬半球形紅外線 8P 攝影機 - V20 1.8mm	P0382	V20 1.8mm	1	啟用	選項模組/鏡頭	2026/07/14	2026/07/14
V20-DOME-WIDE1P8-SPECIAL-2MP-IR-8P-1P8MM	超廣角1.8MM專用 兩百萬半球形紅外線 8P 攝影機 - V20 1.8mm	P0451	CY-005 超廣角1.8MM專用球體	1	啟用	固定料件	2026/07/14	2026/07/14
V20-DOME-IR-18P-2P8MM	V20 半球形紅外線 18P 攝影機 - V20 2.8mm	P0312	CY-002 303光面半球 球體	1	啟用	固定料件	2026/07/14	2026/07/14
V20-DOME-IR-18P-2P8MM	V20 半球形紅外線 18P 攝影機 - V20 2.8mm	P0313	CY-002 303光面半球 圓形玻璃	1	啟用	固定料件	2026/07/14	2026/07/14
V20-DOME-IR-18P-2P8MM	V20 半球形紅外線 18P 攝影機 - V20 2.8mm	P0336	指撥線	1	啟用	固定料件	2026/07/14	2026/07/14
V20-DOME-IR-18P-2P8MM	V20 半球形紅外線 18P 攝影機 - V20 2.8mm	P0350	18燈紅外線燈板	1	啟用	固定料件	2026/07/14	2026/07/14
V20-DOME-IR-18P-2P8MM	V20 半球形紅外線 18P 攝影機 - V20 2.8mm	P0383	V20 2.8mm	1	啟用	選項模組/鏡頭	2026/07/14	2026/07/14
V20-DOME-IR-8P-2P8MM	V20 半球形紅外線 8P 攝影機 - V20 2.8mm	P0312	CY-002 303光面半球 球體	1	啟用	固定料件	2026/07/14	2026/07/14
V20-DOME-IR-8P-2P8MM	V20 半球形紅外線 8P 攝影機 - V20 2.8mm	P0313	CY-002 303光面半球 圓形玻璃	1	啟用	固定料件	2026/07/14	2026/07/14
V20-DOME-IR-8P-2P8MM	V20 半球形紅外線 8P 攝影機 - V20 2.8mm	P0336	指撥線	1	啟用	固定料件	2026/07/14	2026/07/14
V20-DOME-IR-8P-2P8MM	V20 半球形紅外線 8P 攝影機 - V20 2.8mm	P0341	8燈紅外線燈板	1	啟用	固定料件	2026/07/14	2026/07/14
V20-DOME-IR-8P-2P8MM	V20 半球形紅外線 8P 攝影機 - V20 2.8mm	P0383	V20 2.8mm	1	啟用	選項模組/鏡頭	2026/07/14	2026/07/14
V20-DOME-IR-18P-3P6MM	V20 半球形紅外線 18P 攝影機 - V20 3.6mm	P0312	CY-002 303光面半球 球體	1	啟用	固定料件	2026/07/14	2026/07/14
V20-DOME-IR-18P-3P6MM	V20 半球形紅外線 18P 攝影機 - V20 3.6mm	P0313	CY-002 303光面半球 圓形玻璃	1	啟用	固定料件	2026/07/14	2026/07/14
V20-DOME-IR-18P-3P6MM	V20 半球形紅外線 18P 攝影機 - V20 3.6mm	P0336	指撥線	1	啟用	固定料件	2026/07/14	2026/07/14
V20-DOME-IR-18P-3P6MM	V20 半球形紅外線 18P 攝影機 - V20 3.6mm	P0350	18燈紅外線燈板	1	啟用	固定料件	2026/07/14	2026/07/14
V20-DOME-IR-18P-3P6MM	V20 半球形紅外線 18P 攝影機 - V20 3.6mm	P0384	V20 3.6mm	1	啟用	選項模組/鏡頭	2026/07/14	2026/07/14
V20-DOME-IR-8P-3P6MM	V20 半球形紅外線 8P 攝影機 - V20 3.6mm	P0312	CY-002 303光面半球 球體	1	啟用	固定料件	2026/07/14	2026/07/14
V20-DOME-IR-8P-3P6MM	V20 半球形紅外線 8P 攝影機 - V20 3.6mm	P0313	CY-002 303光面半球 圓形玻璃	1	啟用	固定料件	2026/07/14	2026/07/14
V20-DOME-IR-8P-3P6MM	V20 半球形紅外線 8P 攝影機 - V20 3.6mm	P0336	指撥線	1	啟用	固定料件	2026/07/14	2026/07/14
V20-DOME-IR-8P-3P6MM	V20 半球形紅外線 8P 攝影機 - V20 3.6mm	P0341	8燈紅外線燈板	1	啟用	固定料件	2026/07/14	2026/07/14
V20-DOME-IR-8P-3P6MM	V20 半球形紅外線 8P 攝影機 - V20 3.6mm	P0384	V20 3.6mm	1	啟用	選項模組/鏡頭	2026/07/14	2026/07/14
V20-DOME-COAXAUDIO-2P-6MM	V20 半球型 紅外線 同軸聲音 6mm	P0385	V20 6mm	1	啟用	選項模組/鏡頭	2026/07/16	2026/07/16
V20-DOME-COAXAUDIO-2P-6MM	V20 半球型 紅外線 同軸聲音 6mm	P0452	CY-006 同軸聲音球體	1	啟用	固定料件	2026/07/16	2026/07/16
V20-DOME-IR-18P-6MM	V20 半球形紅外線 18P 攝影機 - V20 6mm	P0312	CY-002 303光面半球 球體	1	啟用	固定料件	2026/07/14	2026/07/14
V20-DOME-IR-18P-6MM	V20 半球形紅外線 18P 攝影機 - V20 6mm	P0313	CY-002 303光面半球 圓形玻璃	1	啟用	固定料件	2026/07/14	2026/07/14
V20-DOME-IR-18P-6MM	V20 半球形紅外線 18P 攝影機 - V20 6mm	P0336	指撥線	1	啟用	固定料件	2026/07/14	2026/07/14
V20-DOME-IR-18P-6MM	V20 半球形紅外線 18P 攝影機 - V20 6mm	P0350	18燈紅外線燈板	1	啟用	固定料件	2026/07/14	2026/07/14
V20-DOME-IR-18P-6MM	V20 半球形紅外線 18P 攝影機 - V20 6mm	P0385	V20 6mm	1	啟用	選項模組/鏡頭	2026/07/14	2026/07/14
V20-DOME-IR-8P-6MM	V20 半球形紅外線 8P 攝影機 - V20 6mm	P0312	CY-002 303光面半球 球體	1	啟用	固定料件	2026/07/14	2026/07/14
V20-DOME-IR-8P-6MM	V20 半球形紅外線 8P 攝影機 - V20 6mm	P0313	CY-002 303光面半球 圓形玻璃	1	啟用	固定料件	2026/07/14	2026/07/14
V20-DOME-IR-8P-6MM	V20 半球形紅外線 8P 攝影機 - V20 6mm	P0336	指撥線	1	啟用	固定料件	2026/07/14	2026/07/14
V20-DOME-IR-8P-6MM	V20 半球形紅外線 8P 攝影機 - V20 6mm	P0341	8燈紅外線燈板	1	啟用	固定料件	2026/07/14	2026/07/14
V20-DOME-IR-8P-6MM	V20 半球形紅外線 8P 攝影機 - V20 6mm	P0385	V20 6mm	1	啟用	選項模組/鏡頭	2026/07/14	2026/07/14
V20-DOME-IR-18P-8MM	V20 半球形紅外線 18P 攝影機 - V20 8mm	P0312	CY-002 303光面半球 球體	1	啟用	固定料件	2026/07/14	2026/07/14
V20-DOME-IR-18P-8MM	V20 半球形紅外線 18P 攝影機 - V20 8mm	P0313	CY-002 303光面半球 圓形玻璃	1	啟用	固定料件	2026/07/14	2026/07/14
V20-DOME-IR-18P-8MM	V20 半球形紅外線 18P 攝影機 - V20 8mm	P0336	指撥線	1	啟用	固定料件	2026/07/14	2026/07/14
V20-DOME-IR-18P-8MM	V20 半球形紅外線 18P 攝影機 - V20 8mm	P0350	18燈紅外線燈板	1	啟用	固定料件	2026/07/14	2026/07/14
V20-DOME-IR-18P-8MM	V20 半球形紅外線 18P 攝影機 - V20 8mm	P0386	V20 8mm	1	啟用	選項模組/鏡頭	2026/07/14	2026/07/14
V20-DOME-IR-8P-8MM	V20 半球形紅外線 8P 攝影機 - V20 8mm	P0312	CY-002 303光面半球 球體	1	啟用	固定料件	2026/07/14	2026/07/14
V20-DOME-IR-8P-8MM	V20 半球形紅外線 8P 攝影機 - V20 8mm	P0313	CY-002 303光面半球 圓形玻璃	1	啟用	固定料件	2026/07/14	2026/07/14
V20-DOME-IR-8P-8MM	V20 半球形紅外線 8P 攝影機 - V20 8mm	P0336	指撥線	1	啟用	固定料件	2026/07/14	2026/07/14
V20-DOME-IR-8P-8MM	V20 半球形紅外線 8P 攝影機 - V20 8mm	P0341	8燈紅外線燈板	1	啟用	固定料件	2026/07/14	2026/07/14
V20-DOME-IR-8P-8MM	V20 半球形紅外線 8P 攝影機 - V20 8mm	P0386	V20 8mm	1	啟用	選項模組/鏡頭	2026/07/14	2026/07/14
V20-BULLET-WIDE1P8-2MP-IR-8P-1P8MM	超廣角1.8MM 兩百萬槍型紅外線 8P 攝影機 - V20 1.8mm	P0320	CY-004 玻璃	1	啟用	固定料件	2026/07/14	2026/07/14
V20-BULLET-WIDE1P8-2MP-IR-8P-1P8MM	超廣角1.8MM 兩百萬槍型紅外線 8P 攝影機 - V20 1.8mm	P0321	CY-004 前蓋圓環	1	啟用	固定料件	2026/07/14	2026/07/14
V20-BULLET-WIDE1P8-2MP-IR-8P-1P8MM	超廣角1.8MM 兩百萬槍型紅外線 8P 攝影機 - V20 1.8mm	P0322	CY-004 防雨罩	1	啟用	固定料件	2026/07/14	2026/07/14
V20-BULLET-WIDE1P8-2MP-IR-8P-1P8MM	超廣角1.8MM 兩百萬槍型紅外線 8P 攝影機 - V20 1.8mm	P0337	指撥線帶螺紋	1	啟用	固定料件	2026/07/14	2026/07/14
V20-BULLET-WIDE1P8-2MP-IR-8P-1P8MM	超廣角1.8MM 兩百萬槍型紅外線 8P 攝影機 - V20 1.8mm	P0341	8燈紅外線燈板	1	啟用	固定料件	2026/07/14	2026/07/14
V20-BULLET-WIDE1P8-2MP-IR-8P-1P8MM	超廣角1.8MM 兩百萬槍型紅外線 8P 攝影機 - V20 1.8mm	P0382	V20 1.8mm	1	啟用	選項模組/鏡頭	2026/07/14	2026/07/14
V20-BULLET-WIDE1P8-2MP-IR-8P-1P8MM	超廣角1.8MM 兩百萬槍型紅外線 8P 攝影機 - V20 1.8mm	P0450	CY-004 超廣角1.8MM專用槍體	1	啟用	固定料件	2026/07/14	2026/07/14
V20-BULLET-IR-6P-2P8MM	V20 槍型紅外線 6P 攝影機 - V20 2.8mm	P0305	CY-001 槍體 白	1	啟用	固定料件	2026/07/14	2026/07/14
V20-BULLET-IR-6P-2P8MM	V20 槍型紅外線 6P 攝影機 - V20 2.8mm	P0306	CY-001 前蓋玻璃 白	1	啟用	固定料件	2026/07/14	2026/07/14
V20-BULLET-IR-6P-2P8MM	V20 槍型紅外線 6P 攝影機 - V20 2.8mm	P0307	CY-001 防雨罩 白	1	啟用	固定料件	2026/07/14	2026/07/14
V20-BULLET-IR-6P-2P8MM	V20 槍型紅外線 6P 攝影機 - V20 2.8mm	P0337	指撥線帶螺紋	1	啟用	固定料件	2026/07/14	2026/07/14
V20-BULLET-IR-6P-2P8MM	V20 槍型紅外線 6P 攝影機 - V20 2.8mm	P0339	6燈紅外線燈板	1	啟用	固定料件	2026/07/14	2026/07/14
V20-BULLET-IR-6P-2P8MM	V20 槍型紅外線 6P 攝影機 - V20 2.8mm	P0383	V20 2.8mm	1	啟用	選項模組/鏡頭	2026/07/14	2026/07/14
V20-BULLET-IR-8P-2P8MM	V20 槍型紅外線 8P 攝影機 - V20 2.8mm	P0305	CY-001 槍體 白	1	啟用	固定料件	2026/07/14	2026/07/14
V20-BULLET-IR-8P-2P8MM	V20 槍型紅外線 8P 攝影機 - V20 2.8mm	P0306	CY-001 前蓋玻璃 白	1	啟用	固定料件	2026/07/14	2026/07/14
V20-BULLET-IR-8P-2P8MM	V20 槍型紅外線 8P 攝影機 - V20 2.8mm	P0307	CY-001 防雨罩 白	1	啟用	固定料件	2026/07/14	2026/07/14
V20-BULLET-IR-8P-2P8MM	V20 槍型紅外線 8P 攝影機 - V20 2.8mm	P0337	指撥線帶螺紋	1	啟用	固定料件	2026/07/14	2026/07/14
V20-BULLET-IR-8P-2P8MM	V20 槍型紅外線 8P 攝影機 - V20 2.8mm	P0341	8燈紅外線燈板	1	啟用	固定料件	2026/07/14	2026/07/14
V20-BULLET-IR-8P-2P8MM	V20 槍型紅外線 8P 攝影機 - V20 2.8mm	P0383	V20 2.8mm	1	啟用	選項模組/鏡頭	2026/07/14	2026/07/14
V20-BULLET-IR-6P-3P6MM	V20 槍型紅外線 6P 攝影機 - V20 3.6mm	P0305	CY-001 槍體 白	1	啟用	固定料件	2026/07/14	2026/07/14
V20-BULLET-IR-6P-3P6MM	V20 槍型紅外線 6P 攝影機 - V20 3.6mm	P0306	CY-001 前蓋玻璃 白	1	啟用	固定料件	2026/07/14	2026/07/14
V20-BULLET-IR-6P-3P6MM	V20 槍型紅外線 6P 攝影機 - V20 3.6mm	P0307	CY-001 防雨罩 白	1	啟用	固定料件	2026/07/14	2026/07/14
V20-BULLET-IR-6P-3P6MM	V20 槍型紅外線 6P 攝影機 - V20 3.6mm	P0337	指撥線帶螺紋	1	啟用	固定料件	2026/07/14	2026/07/14
V20-BULLET-IR-6P-3P6MM	V20 槍型紅外線 6P 攝影機 - V20 3.6mm	P0339	6燈紅外線燈板	1	啟用	固定料件	2026/07/14	2026/07/14
V20-BULLET-IR-6P-3P6MM	V20 槍型紅外線 6P 攝影機 - V20 3.6mm	P0384	V20 3.6mm	1	啟用	選項模組/鏡頭	2026/07/14	2026/07/14
V20-BULLET-IR-8P-3P6MM	V20 槍型紅外線 8P 攝影機 - V20 3.6mm	P0305	CY-001 槍體 白	1	啟用	固定料件	2026/07/14	2026/07/14
V20-BULLET-IR-8P-3P6MM	V20 槍型紅外線 8P 攝影機 - V20 3.6mm	P0306	CY-001 前蓋玻璃 白	1	啟用	固定料件	2026/07/14	2026/07/14
V20-BULLET-IR-8P-3P6MM	V20 槍型紅外線 8P 攝影機 - V20 3.6mm	P0307	CY-001 防雨罩 白	1	啟用	固定料件	2026/07/14	2026/07/14
V20-BULLET-IR-8P-3P6MM	V20 槍型紅外線 8P 攝影機 - V20 3.6mm	P0337	指撥線帶螺紋	1	啟用	固定料件	2026/07/14	2026/07/14
V20-BULLET-IR-8P-3P6MM	V20 槍型紅外線 8P 攝影機 - V20 3.6mm	P0341	8燈紅外線燈板	1	啟用	固定料件	2026/07/14	2026/07/14
V20-BULLET-IR-8P-3P6MM	V20 槍型紅外線 8P 攝影機 - V20 3.6mm	P0384	V20 3.6mm	1	啟用	選項模組/鏡頭	2026/07/14	2026/07/14
V20-BULLET-IR-6P-6MM	V20 槍型紅外線 6P 攝影機 - V20 6mm	P0305	CY-001 槍體 白	1	啟用	固定料件	2026/07/14	2026/07/14
V20-BULLET-IR-6P-6MM	V20 槍型紅外線 6P 攝影機 - V20 6mm	P0306	CY-001 前蓋玻璃 白	1	啟用	固定料件	2026/07/14	2026/07/14
V20-BULLET-IR-6P-6MM	V20 槍型紅外線 6P 攝影機 - V20 6mm	P0307	CY-001 防雨罩 白	1	啟用	固定料件	2026/07/14	2026/07/14
V20-BULLET-IR-6P-6MM	V20 槍型紅外線 6P 攝影機 - V20 6mm	P0337	指撥線帶螺紋	1	啟用	固定料件	2026/07/14	2026/07/14
V20-BULLET-IR-6P-6MM	V20 槍型紅外線 6P 攝影機 - V20 6mm	P0339	6燈紅外線燈板	1	啟用	固定料件	2026/07/14	2026/07/14
V20-BULLET-IR-6P-6MM	V20 槍型紅外線 6P 攝影機 - V20 6mm	P0385	V20 6mm	1	啟用	選項模組/鏡頭	2026/07/14	2026/07/14
V20-BULLET-IR-8P-6MM	V20 槍型紅外線 8P 攝影機 - V20 6mm	P0305	CY-001 槍體 白	1	啟用	固定料件	2026/07/14	2026/07/14
V20-BULLET-IR-8P-6MM	V20 槍型紅外線 8P 攝影機 - V20 6mm	P0306	CY-001 前蓋玻璃 白	1	啟用	固定料件	2026/07/14	2026/07/14
V20-BULLET-IR-8P-6MM	V20 槍型紅外線 8P 攝影機 - V20 6mm	P0307	CY-001 防雨罩 白	1	啟用	固定料件	2026/07/14	2026/07/14
V20-BULLET-IR-8P-6MM	V20 槍型紅外線 8P 攝影機 - V20 6mm	P0337	指撥線帶螺紋	1	啟用	固定料件	2026/07/14	2026/07/14
V20-BULLET-IR-8P-6MM	V20 槍型紅外線 8P 攝影機 - V20 6mm	P0341	8燈紅外線燈板	1	啟用	固定料件	2026/07/14	2026/07/14
V20-BULLET-IR-8P-6MM	V20 槍型紅外線 8P 攝影機 - V20 6mm	P0385	V20 6mm	1	啟用	選項模組/鏡頭	2026/07/14	2026/07/14
V20-BULLET-IR-6P-8MM	V20 槍型紅外線 6P 攝影機 - V20 8mm	P0305	CY-001 槍體 白	1	啟用	固定料件	2026/07/14	2026/07/14
V20-BULLET-IR-6P-8MM	V20 槍型紅外線 6P 攝影機 - V20 8mm	P0306	CY-001 前蓋玻璃 白	1	啟用	固定料件	2026/07/14	2026/07/14
V20-BULLET-IR-6P-8MM	V20 槍型紅外線 6P 攝影機 - V20 8mm	P0307	CY-001 防雨罩 白	1	啟用	固定料件	2026/07/14	2026/07/14
V20-BULLET-IR-6P-8MM	V20 槍型紅外線 6P 攝影機 - V20 8mm	P0337	指撥線帶螺紋	1	啟用	固定料件	2026/07/14	2026/07/14
V20-BULLET-IR-6P-8MM	V20 槍型紅外線 6P 攝影機 - V20 8mm	P0339	6燈紅外線燈板	1	啟用	固定料件	2026/07/14	2026/07/14
V20-BULLET-IR-6P-8MM	V20 槍型紅外線 6P 攝影機 - V20 8mm	P0386	V20 8mm	1	啟用	選項模組/鏡頭	2026/07/14	2026/07/14
V20-BULLET-IR-8P-8MM	V20 槍型紅外線 8P 攝影機 - V20 8mm	P0305	CY-001 槍體 白	1	啟用	固定料件	2026/07/14	2026/07/14
V20-BULLET-IR-8P-8MM	V20 槍型紅外線 8P 攝影機 - V20 8mm	P0306	CY-001 前蓋玻璃 白	1	啟用	固定料件	2026/07/14	2026/07/14
V20-BULLET-IR-8P-8MM	V20 槍型紅外線 8P 攝影機 - V20 8mm	P0307	CY-001 防雨罩 白	1	啟用	固定料件	2026/07/14	2026/07/14
V20-BULLET-IR-8P-8MM	V20 槍型紅外線 8P 攝影機 - V20 8mm	P0337	指撥線帶螺紋	1	啟用	固定料件	2026/07/14	2026/07/14
V20-BULLET-IR-8P-8MM	V20 槍型紅外線 8P 攝影機 - V20 8mm	P0341	8燈紅外線燈板	1	啟用	固定料件	2026/07/14	2026/07/14
V20-BULLET-IR-8P-8MM	V20 槍型紅外線 8P 攝影機 - V20 8mm	P0386	V20 8mm	1	啟用	選項模組/鏡頭	2026/07/14	2026/07/14
V20-SHIELD-IR-12P-2P7-13MM	V20 防護罩紅外線 12P 攝影機 - V20 2.7-13mm	P0327	CY-007 防護罩槍體	1	啟用	固定料件	2026/07/14	2026/07/14
V20-SHIELD-IR-12P-2P7-13MM	V20 防護罩紅外線 12P 攝影機 - V20 2.7-13mm	P0336	指撥線	1	啟用	固定料件	2026/07/14	2026/07/14
V20-SHIELD-IR-12P-2P7-13MM	V20 防護罩紅外線 12P 攝影機 - V20 2.7-13mm	P0346	防護罩12燈紅外線燈板	1	啟用	固定料件	2026/07/14	2026/07/14
V20-SHIELD-IR-12P-2P7-13MM	V20 防護罩紅外線 12P 攝影機 - V20 2.7-13mm	P0453	CY-007定位盒	1	啟用	固定料件	2026/07/14	2026/07/14
V20-SHIELD-IR-12P-2P7-13MM	V20 防護罩紅外線 12P 攝影機 - V20 2.7-13mm	P0454	V20 2.7-13mm	1	啟用	選項模組/鏡頭	2026/07/14	2026/07/14
V20-SHIELD-IR-12P-2P8-12MM	V20 防護罩紅外線 12P 攝影機 - V20 2.8-12mm	P0327	CY-007 防護罩槍體	1	啟用	固定料件	2026/07/15	2026/07/15
V20-SHIELD-IR-12P-2P8-12MM	V20 防護罩紅外線 12P 攝影機 - V20 2.8-12mm	P0336	指撥線	1	啟用	固定料件	2026/07/15	2026/07/15
V20-SHIELD-IR-12P-2P8-12MM	V20 防護罩紅外線 12P 攝影機 - V20 2.8-12mm	P0346	防護罩12燈紅外線燈板	1	啟用	固定料件	2026/07/15	2026/07/15
V20-SHIELD-IR-12P-2P8-12MM	V20 防護罩紅外線 12P 攝影機 - V20 2.8-12mm	P0387	V20 2.8~12mm	1	啟用	選項模組/鏡頭	2026/07/15	2026/07/15
V20-SHIELD-IR-12P-2P8-12MM	V20 防護罩紅外線 12P 攝影機 - V20 2.8-12mm	P0453	CY-007定位盒	1	啟用	固定料件	2026/07/15	2026/07/15
V20-SHIELD-IR-12P-2P8MM	V20 防護罩紅外線 12P 攝影機 - V20 2.8mm	P0327	CY-007 防護罩槍體	1	啟用	固定料件	2026/07/14	2026/07/14
V20-SHIELD-IR-12P-2P8MM	V20 防護罩紅外線 12P 攝影機 - V20 2.8mm	P0336	指撥線	1	啟用	固定料件	2026/07/14	2026/07/14
V20-SHIELD-IR-12P-2P8MM	V20 防護罩紅外線 12P 攝影機 - V20 2.8mm	P0346	防護罩12燈紅外線燈板	1	啟用	固定料件	2026/07/14	2026/07/14
V20-SHIELD-IR-12P-2P8MM	V20 防護罩紅外線 12P 攝影機 - V20 2.8mm	P0383	V20 2.8mm	1	啟用	選項模組/鏡頭	2026/07/14	2026/07/14
V20-SHIELD-IR-12P-2P8MM	V20 防護罩紅外線 12P 攝影機 - V20 2.8mm	P0453	CY-007定位盒	1	啟用	固定料件	2026/07/14	2026/07/14
V20-SHIELD-IR-12P-3P6MM	V20 防護罩紅外線 12P 攝影機 - V20 3.6mm	P0327	CY-007 防護罩槍體	1	啟用	固定料件	2026/07/14	2026/07/14
V20-SHIELD-IR-12P-3P6MM	V20 防護罩紅外線 12P 攝影機 - V20 3.6mm	P0336	指撥線	1	啟用	固定料件	2026/07/14	2026/07/14
V20-SHIELD-IR-12P-3P6MM	V20 防護罩紅外線 12P 攝影機 - V20 3.6mm	P0346	防護罩12燈紅外線燈板	1	啟用	固定料件	2026/07/14	2026/07/14
V20-SHIELD-IR-12P-3P6MM	V20 防護罩紅外線 12P 攝影機 - V20 3.6mm	P0384	V20 3.6mm	1	啟用	選項模組/鏡頭	2026/07/14	2026/07/14
V20-SHIELD-IR-12P-3P6MM	V20 防護罩紅外線 12P 攝影機 - V20 3.6mm	P0453	CY-007定位盒	1	啟用	固定料件	2026/07/14	2026/07/14
V20-SHIELD-IR-12P-4MM	V20 防護罩 紅外線 4mm	P0327	CY-007 防護罩槍體	1	啟用	固定料件	2026/07/16	2026/07/16
V20-SHIELD-IR-12P-4MM	V20 防護罩 紅外線 4mm	P0336	指撥線	1	啟用	固定料件	2026/07/16	2026/07/16
V20-SHIELD-IR-12P-4MM	V20 防護罩 紅外線 4mm	P0346	防護罩12燈紅外線燈板	1	啟用	固定料件	2026/07/16	2026/07/16
V20-SHIELD-IR-12P-4MM	V20 防護罩 紅外線 4mm	P0453	CY-007定位盒	1	啟用	固定料件	2026/07/16	2026/07/16
V20-SHIELD-IR-12P-4MM	V20 防護罩 紅外線 4mm	P0464	V20 4mm	1	啟用	選項模組/鏡頭	2026/07/16	2026/07/16
V20-SHIELD-IR-12P-6MM	V20 防護罩紅外線 12P 攝影機 - V20 6mm	P0327	CY-007 防護罩槍體	1	啟用	固定料件	2026/07/14	2026/07/14
V20-SHIELD-IR-12P-6MM	V20 防護罩紅外線 12P 攝影機 - V20 6mm	P0336	指撥線	1	啟用	固定料件	2026/07/14	2026/07/14
V20-SHIELD-IR-12P-6MM	V20 防護罩紅外線 12P 攝影機 - V20 6mm	P0346	防護罩12燈紅外線燈板	1	啟用	固定料件	2026/07/14	2026/07/14
V20-SHIELD-IR-12P-6MM	V20 防護罩紅外線 12P 攝影機 - V20 6mm	P0385	V20 6mm	1	啟用	選項模組/鏡頭	2026/07/14	2026/07/14
V20-SHIELD-IR-12P-6MM	V20 防護罩紅外線 12P 攝影機 - V20 6mm	P0453	CY-007定位盒	1	啟用	固定料件	2026/07/14	2026/07/14
V20-SHIELD-IR-12P-8MM	V20 防護罩紅外線 12P 攝影機 - V20 8mm	P0327	CY-007 防護罩槍體	1	啟用	固定料件	2026/07/14	2026/07/14
V20-SHIELD-IR-12P-8MM	V20 防護罩紅外線 12P 攝影機 - V20 8mm	P0336	指撥線	1	啟用	固定料件	2026/07/14	2026/07/14
V20-SHIELD-IR-12P-8MM	V20 防護罩紅外線 12P 攝影機 - V20 8mm	P0346	防護罩12燈紅外線燈板	1	啟用	固定料件	2026/07/14	2026/07/14
V20-SHIELD-IR-12P-8MM	V20 防護罩紅外線 12P 攝影機 - V20 8mm	P0386	V20 8mm	1	啟用	選項模組/鏡頭	2026/07/14	2026/07/14
V20-SHIELD-IR-12P-8MM	V20 防護罩紅外線 12P 攝影機 - V20 8mm	P0453	CY-007定位盒	1	啟用	固定料件	2026/07/14	2026/07/14
V22-AIO-IR-4P-2P8MM	V22 一體機紅外線 4P 攝影機 - V22 2.8mm	P0316	CY-003 一體機主體 白	1	啟用	固定料件	2026/07/14	2026/07/14
V22-AIO-IR-4P-2P8MM	V22 一體機紅外線 4P 攝影機 - V22 2.8mm	P0317	CY-003 一體機附件 白	1	啟用	固定料件	2026/07/14	2026/07/14
V22-AIO-IR-4P-2P8MM	V22 一體機紅外線 4P 攝影機 - V22 2.8mm	P0334	五芯線	1	啟用	固定料件	2026/07/14	2026/07/14
V22-AIO-IR-4P-2P8MM	V22 一體機紅外線 4P 攝影機 - V22 2.8mm	P0343	一體G紅外線燈板	1	啟用	固定料件	2026/07/14	2026/07/14
V22-AIO-IR-4P-2P8MM	V22 一體機紅外線 4P 攝影機 - V22 2.8mm	P0378	V22 2.8mm	1	啟用	選項模組/鏡頭	2026/07/14	2026/07/14
V22-AIO-YELLOW-4P-2P8MM	V22 一體機黃光 4P 攝影機 - V22 2.8mm	P0316	CY-003 一體機主體 白	1	啟用	固定料件	2026/07/14	2026/07/14
V22-AIO-YELLOW-4P-2P8MM	V22 一體機黃光 4P 攝影機 - V22 2.8mm	P0317	CY-003 一體機附件 白	1	啟用	固定料件	2026/07/14	2026/07/14
V22-AIO-YELLOW-4P-2P8MM	V22 一體機黃光 4P 攝影機 - V22 2.8mm	P0334	五芯線	1	啟用	固定料件	2026/07/14	2026/07/14
V22-AIO-YELLOW-4P-2P8MM	V22 一體機黃光 4P 攝影機 - V22 2.8mm	P0344	一體G黃光燈板	1	啟用	固定料件	2026/07/14	2026/07/14
V22-AIO-YELLOW-4P-2P8MM	V22 一體機黃光 4P 攝影機 - V22 2.8mm	P0378	V22 2.8mm	1	啟用	選項模組/鏡頭	2026/07/14	2026/07/14
V22-AIO-IR-4P-3P6MM	V22 一體機紅外線 4P 攝影機 - V22 3.6mm	P0316	CY-003 一體機主體 白	1	啟用	固定料件	2026/07/14	2026/07/14
V22-AIO-IR-4P-3P6MM	V22 一體機紅外線 4P 攝影機 - V22 3.6mm	P0317	CY-003 一體機附件 白	1	啟用	固定料件	2026/07/14	2026/07/14
V22-AIO-IR-4P-3P6MM	V22 一體機紅外線 4P 攝影機 - V22 3.6mm	P0334	五芯線	1	啟用	固定料件	2026/07/14	2026/07/14
V22-AIO-IR-4P-3P6MM	V22 一體機紅外線 4P 攝影機 - V22 3.6mm	P0343	一體G紅外線燈板	1	啟用	固定料件	2026/07/14	2026/07/14
V22-AIO-IR-4P-3P6MM	V22 一體機紅外線 4P 攝影機 - V22 3.6mm	P0379	V22 3.6mm	1	啟用	選項模組/鏡頭	2026/07/14	2026/07/14
V22-AIO-YELLOW-4P-3P6MM	V22 一體機黃光 4P 攝影機 - V22 3.6mm	P0316	CY-003 一體機主體 白	1	啟用	固定料件	2026/07/14	2026/07/14
V22-AIO-YELLOW-4P-3P6MM	V22 一體機黃光 4P 攝影機 - V22 3.6mm	P0317	CY-003 一體機附件 白	1	啟用	固定料件	2026/07/14	2026/07/14
V22-AIO-YELLOW-4P-3P6MM	V22 一體機黃光 4P 攝影機 - V22 3.6mm	P0334	五芯線	1	啟用	固定料件	2026/07/14	2026/07/14
V22-AIO-YELLOW-4P-3P6MM	V22 一體機黃光 4P 攝影機 - V22 3.6mm	P0344	一體G黃光燈板	1	啟用	固定料件	2026/07/14	2026/07/14
V22-AIO-YELLOW-4P-3P6MM	V22 一體機黃光 4P 攝影機 - V22 3.6mm	P0379	V22 3.6mm	1	啟用	選項模組/鏡頭	2026/07/14	2026/07/14
V22-AIO-IR-4P-6MM	V22 一體機紅外線 4P 攝影機 - V22 6mm	P0316	CY-003 一體機主體 白	1	啟用	固定料件	2026/07/14	2026/07/14
V22-AIO-IR-4P-6MM	V22 一體機紅外線 4P 攝影機 - V22 6mm	P0317	CY-003 一體機附件 白	1	啟用	固定料件	2026/07/14	2026/07/14
V22-AIO-IR-4P-6MM	V22 一體機紅外線 4P 攝影機 - V22 6mm	P0334	五芯線	1	啟用	固定料件	2026/07/14	2026/07/14
V22-AIO-IR-4P-6MM	V22 一體機紅外線 4P 攝影機 - V22 6mm	P0343	一體G紅外線燈板	1	啟用	固定料件	2026/07/14	2026/07/14
V22-AIO-IR-4P-6MM	V22 一體機紅外線 4P 攝影機 - V22 6mm	P0380	V22 6mm	1	啟用	選項模組/鏡頭	2026/07/14	2026/07/14
V22-AIO-YELLOW-4P-6MM	V22 一體機黃光 4P 攝影機 - V22 6mm	P0316	CY-003 一體機主體 白	1	啟用	固定料件	2026/07/14	2026/07/14
V22-AIO-YELLOW-4P-6MM	V22 一體機黃光 4P 攝影機 - V22 6mm	P0317	CY-003 一體機附件 白	1	啟用	固定料件	2026/07/14	2026/07/14
V22-AIO-YELLOW-4P-6MM	V22 一體機黃光 4P 攝影機 - V22 6mm	P0334	五芯線	1	啟用	固定料件	2026/07/14	2026/07/14
V22-AIO-YELLOW-4P-6MM	V22 一體機黃光 4P 攝影機 - V22 6mm	P0344	一體G黃光燈板	1	啟用	固定料件	2026/07/14	2026/07/14
V22-AIO-YELLOW-4P-6MM	V22 一體機黃光 4P 攝影機 - V22 6mm	P0380	V22 6mm	1	啟用	選項模組/鏡頭	2026/07/14	2026/07/14
V22-AIO-IR-4P-8MM	V22 一體機紅外線 4P 攝影機 - V22 8mm	P0316	CY-003 一體機主體 白	1	啟用	固定料件	2026/07/14	2026/07/14
V22-AIO-IR-4P-8MM	V22 一體機紅外線 4P 攝影機 - V22 8mm	P0317	CY-003 一體機附件 白	1	啟用	固定料件	2026/07/14	2026/07/14
V22-AIO-IR-4P-8MM	V22 一體機紅外線 4P 攝影機 - V22 8mm	P0334	五芯線	1	啟用	固定料件	2026/07/14	2026/07/14
V22-AIO-IR-4P-8MM	V22 一體機紅外線 4P 攝影機 - V22 8mm	P0343	一體G紅外線燈板	1	啟用	固定料件	2026/07/14	2026/07/14
V22-AIO-IR-4P-8MM	V22 一體機紅外線 4P 攝影機 - V22 8mm	P0381	V22 8mm	1	啟用	選項模組/鏡頭	2026/07/14	2026/07/14
V22-AIO-YELLOW-4P-8MM	V22 一體機黃光 4P 攝影機 - V22 8mm	P0316	CY-003 一體機主體 白	1	啟用	固定料件	2026/07/14	2026/07/14
V22-AIO-YELLOW-4P-8MM	V22 一體機黃光 4P 攝影機 - V22 8mm	P0317	CY-003 一體機附件 白	1	啟用	固定料件	2026/07/14	2026/07/14
V22-AIO-YELLOW-4P-8MM	V22 一體機黃光 4P 攝影機 - V22 8mm	P0334	五芯線	1	啟用	固定料件	2026/07/14	2026/07/14
V22-AIO-YELLOW-4P-8MM	V22 一體機黃光 4P 攝影機 - V22 8mm	P0344	一體G黃光燈板	1	啟用	固定料件	2026/07/14	2026/07/14
V22-AIO-YELLOW-4P-8MM	V22 一體機黃光 4P 攝影機 - V22 8mm	P0381	V22 8mm	1	啟用	選項模組/鏡頭	2026/07/14	2026/07/14
V22-DOME-COAXAUDIO-2P-1P8MM	V22 半球帶聲音 1.8mm	P0377	V22 1.8mm	1	啟用	選項模組/鏡頭	2026/07/16	2026/07/16
V22-DOME-COAXAUDIO-2P-1P8MM	V22 半球帶聲音 1.8mm	P0452	CY-006 同軸聲音球體	1	啟用	固定料件	2026/07/16	2026/07/16
V22-DOME-WIDE1P8-2MP-IR-8P-1P8MM	V22 半球型 紅外線 1.8mm	P0324	CY-005 銀色球蓋	1	啟用	固定料件	2026/07/16	2026/07/16
V22-DOME-WIDE1P8-2MP-IR-8P-1P8MM	V22 半球型 紅外線 1.8mm	P0336	指撥線	1	啟用	固定料件	2026/07/16	2026/07/16
V22-DOME-WIDE1P8-2MP-IR-8P-1P8MM	V22 半球型 紅外線 1.8mm	P0377	V22 1.8mm	1	啟用	選項模組/鏡頭	2026/07/16	2026/07/16
V22-DOME-WIDE1P8-2MP-IR-8P-1P8MM	V22 半球型 紅外線 1.8mm	P0451	CY-005 超廣角1.8MM專用球體	1	啟用	固定料件	2026/07/16	2026/07/16
V22-DOME-COAXAUDIO-2P-2P8MM	半球形同軸聲音紅外線 2P 攝影機 - V22 2.8mm	P0378	V22 2.8mm	1	啟用	選項模組/鏡頭	2026/07/14	2026/07/14
V22-DOME-COAXAUDIO-2P-2P8MM	半球形同軸聲音紅外線 2P 攝影機 - V22 2.8mm	P0452	CY-006 同軸聲音球體	1	啟用	固定料件	2026/07/14	2026/07/14
V22-DOME-COAXAUDIO-2P-3P6MM	半球形同軸聲音紅外線 2P 攝影機 - V22 3.6mm	P0379	V22 3.6mm	1	啟用	選項模組/鏡頭	2026/07/14	2026/07/14
V22-DOME-COAXAUDIO-2P-3P6MM	半球形同軸聲音紅外線 2P 攝影機 - V22 3.6mm	P0452	CY-006 同軸聲音球體	1	啟用	固定料件	2026/07/14	2026/07/14
V22-DOME-YELLOW-COAXAUDIO-2P-3P6MM	V22 半球型 黃光 同軸聲音 3.6mm	P0379	V22 3.6mm	1	啟用	選項模組/鏡頭	2026/07/16	2026/07/16
V22-DOME-YELLOW-COAXAUDIO-2P-3P6MM	V22 半球型 黃光 同軸聲音 3.6mm	P0452	CY-006 同軸聲音球體	1	啟用	固定料件	2026/07/16	2026/07/16
V22-DOME-YELLOW-COAXAUDIO-2P-3P6MM	V22 半球型 黃光 同軸聲音 3.6mm	P0462	暫時材料	1	啟用	暫時材料/待確認料件	2026/07/16	2026/07/16
V22-DOME-COAXAUDIO-2P-6MM	半球形同軸聲音紅外線 2P 攝影機 - V22 6mm	P0380	V22 6mm	1	啟用	選項模組/鏡頭	2026/07/14	2026/07/14
V22-DOME-COAXAUDIO-2P-6MM	半球形同軸聲音紅外線 2P 攝影機 - V22 6mm	P0452	CY-006 同軸聲音球體	1	啟用	固定料件	2026/07/14	2026/07/14
V22-DOME-COAXAUDIO-2P-8MM	半球形同軸聲音紅外線 2P 攝影機 - V22 8mm	P0381	V22 8mm	1	啟用	選項模組/鏡頭	2026/07/14	2026/07/14
V22-DOME-COAXAUDIO-2P-8MM	半球形同軸聲音紅外線 2P 攝影機 - V22 8mm	P0452	CY-006 同軸聲音球體	1	啟用	固定料件	2026/07/14	2026/07/14
4653-AIO-IR-4P-2P8MM	4653 一體機紅外線 4P 攝影機 - 4653 2.8mm	P0316	CY-003 一體機主體 白	1	啟用	固定料件	2026/07/14	2026/07/14
4653-AIO-IR-4P-2P8MM	4653 一體機紅外線 4P 攝影機 - 4653 2.8mm	P0317	CY-003 一體機附件 白	1	啟用	固定料件	2026/07/14	2026/07/14
4653-AIO-IR-4P-2P8MM	4653 一體機紅外線 4P 攝影機 - 4653 2.8mm	P0334	五芯線	1	啟用	固定料件	2026/07/14	2026/07/14
4653-AIO-IR-4P-2P8MM	4653 一體機紅外線 4P 攝影機 - 4653 2.8mm	P0343	一體G紅外線燈板	1	啟用	固定料件	2026/07/14	2026/07/14
4653-AIO-IR-4P-2P8MM	4653 一體機紅外線 4P 攝影機 - 4653 2.8mm	P0372	4653 2.8mm	1	啟用	選項模組/鏡頭	2026/07/14	2026/07/14
4653-AIO-YELLOW-4P-2P8MM	4653 一體機黃光 4P 攝影機 - 4653 2.8mm	P0316	CY-003 一體機主體 白	1	啟用	固定料件	2026/07/14	2026/07/14
4653-AIO-YELLOW-4P-2P8MM	4653 一體機黃光 4P 攝影機 - 4653 2.8mm	P0317	CY-003 一體機附件 白	1	啟用	固定料件	2026/07/14	2026/07/14
4653-AIO-YELLOW-4P-2P8MM	4653 一體機黃光 4P 攝影機 - 4653 2.8mm	P0334	五芯線	1	啟用	固定料件	2026/07/14	2026/07/14
4653-AIO-YELLOW-4P-2P8MM	4653 一體機黃光 4P 攝影機 - 4653 2.8mm	P0344	一體G黃光燈板	1	啟用	固定料件	2026/07/14	2026/07/14
4653-AIO-YELLOW-4P-2P8MM	4653 一體機黃光 4P 攝影機 - 4653 2.8mm	P0372	4653 2.8mm	1	啟用	選項模組/鏡頭	2026/07/14	2026/07/14
4653-AIO-IR-4P-3P6MM	4653 一體機紅外線 4P 攝影機 - 4653 3.6mm	P0316	CY-003 一體機主體 白	1	啟用	固定料件	2026/07/14	2026/07/14
4653-AIO-IR-4P-3P6MM	4653 一體機紅外線 4P 攝影機 - 4653 3.6mm	P0317	CY-003 一體機附件 白	1	啟用	固定料件	2026/07/14	2026/07/14
4653-AIO-IR-4P-3P6MM	4653 一體機紅外線 4P 攝影機 - 4653 3.6mm	P0334	五芯線	1	啟用	固定料件	2026/07/14	2026/07/14
4653-AIO-IR-4P-3P6MM	4653 一體機紅外線 4P 攝影機 - 4653 3.6mm	P0343	一體G紅外線燈板	1	啟用	固定料件	2026/07/14	2026/07/14
4653-AIO-IR-4P-3P6MM	4653 一體機紅外線 4P 攝影機 - 4653 3.6mm	P0373	4653 3.6mm	1	啟用	選項模組/鏡頭	2026/07/14	2026/07/14
4653-AIO-YELLOW-4P-3P6MM	4653 一體機黃光 4P 攝影機 - 4653 3.6mm	P0316	CY-003 一體機主體 白	1	啟用	固定料件	2026/07/14	2026/07/14
4653-AIO-YELLOW-4P-3P6MM	4653 一體機黃光 4P 攝影機 - 4653 3.6mm	P0317	CY-003 一體機附件 白	1	啟用	固定料件	2026/07/14	2026/07/14
4653-AIO-YELLOW-4P-3P6MM	4653 一體機黃光 4P 攝影機 - 4653 3.6mm	P0334	五芯線	1	啟用	固定料件	2026/07/14	2026/07/14
4653-AIO-YELLOW-4P-3P6MM	4653 一體機黃光 4P 攝影機 - 4653 3.6mm	P0344	一體G黃光燈板	1	啟用	固定料件	2026/07/14	2026/07/14
4653-AIO-YELLOW-4P-3P6MM	4653 一體機黃光 4P 攝影機 - 4653 3.6mm	P0373	4653 3.6mm	1	啟用	選項模組/鏡頭	2026/07/14	2026/07/14
4653-AIO-IR-4P-6MM	4653 一體機紅外線 4P 攝影機 - 4653 6mm	P0316	CY-003 一體機主體 白	1	啟用	固定料件	2026/07/14	2026/07/14
4653-AIO-IR-4P-6MM	4653 一體機紅外線 4P 攝影機 - 4653 6mm	P0317	CY-003 一體機附件 白	1	啟用	固定料件	2026/07/14	2026/07/14
4653-AIO-IR-4P-6MM	4653 一體機紅外線 4P 攝影機 - 4653 6mm	P0334	五芯線	1	啟用	固定料件	2026/07/14	2026/07/14
4653-AIO-IR-4P-6MM	4653 一體機紅外線 4P 攝影機 - 4653 6mm	P0343	一體G紅外線燈板	1	啟用	固定料件	2026/07/14	2026/07/14
4653-AIO-IR-4P-6MM	4653 一體機紅外線 4P 攝影機 - 4653 6mm	P0374	4653 6mm	1	啟用	選項模組/鏡頭	2026/07/14	2026/07/14
4653-AIO-YELLOW-4P-6MM	4653 一體機黃光 4P 攝影機 - 4653 6mm	P0316	CY-003 一體機主體 白	1	啟用	固定料件	2026/07/14	2026/07/14
4653-AIO-YELLOW-4P-6MM	4653 一體機黃光 4P 攝影機 - 4653 6mm	P0317	CY-003 一體機附件 白	1	啟用	固定料件	2026/07/14	2026/07/14
4653-AIO-YELLOW-4P-6MM	4653 一體機黃光 4P 攝影機 - 4653 6mm	P0334	五芯線	1	啟用	固定料件	2026/07/14	2026/07/14
4653-AIO-YELLOW-4P-6MM	4653 一體機黃光 4P 攝影機 - 4653 6mm	P0344	一體G黃光燈板	1	啟用	固定料件	2026/07/14	2026/07/14
4653-AIO-YELLOW-4P-6MM	4653 一體機黃光 4P 攝影機 - 4653 6mm	P0374	4653 6mm	1	啟用	選項模組/鏡頭	2026/07/14	2026/07/14
4653-AIO-IR-4P-8MM	4653 一體機紅外線 4P 攝影機 - 4653 8mm	P0316	CY-003 一體機主體 白	1	啟用	固定料件	2026/07/14	2026/07/14
4653-AIO-IR-4P-8MM	4653 一體機紅外線 4P 攝影機 - 4653 8mm	P0317	CY-003 一體機附件 白	1	啟用	固定料件	2026/07/14	2026/07/14
4653-AIO-IR-4P-8MM	4653 一體機紅外線 4P 攝影機 - 4653 8mm	P0334	五芯線	1	啟用	固定料件	2026/07/14	2026/07/14
4653-AIO-IR-4P-8MM	4653 一體機紅外線 4P 攝影機 - 4653 8mm	P0343	一體G紅外線燈板	1	啟用	固定料件	2026/07/14	2026/07/14
4653-AIO-IR-4P-8MM	4653 一體機紅外線 4P 攝影機 - 4653 8mm	P0375	4653 8mm	1	啟用	選項模組/鏡頭	2026/07/14	2026/07/14
4653-AIO-YELLOW-4P-8MM	4653 一體機黃光 4P 攝影機 - 4653 8mm	P0316	CY-003 一體機主體 白	1	啟用	固定料件	2026/07/14	2026/07/14
4653-AIO-YELLOW-4P-8MM	4653 一體機黃光 4P 攝影機 - 4653 8mm	P0317	CY-003 一體機附件 白	1	啟用	固定料件	2026/07/14	2026/07/14
4653-AIO-YELLOW-4P-8MM	4653 一體機黃光 4P 攝影機 - 4653 8mm	P0334	五芯線	1	啟用	固定料件	2026/07/14	2026/07/14
4653-AIO-YELLOW-4P-8MM	4653 一體機黃光 4P 攝影機 - 4653 8mm	P0344	一體G黃光燈板	1	啟用	固定料件	2026/07/14	2026/07/14
4653-AIO-YELLOW-4P-8MM	4653 一體機黃光 4P 攝影機 - 4653 8mm	P0375	4653 8mm	1	啟用	選項模組/鏡頭	2026/07/14	2026/07/14
4653-DOME-COAXAUDIO-2P-1P8MM	4653 8MP 半球型 紅外線 同軸聲音 1.8mm	P0371	4653 1.8mm	1	啟用	選項模組/鏡頭	2026/07/16	2026/07/16
4653-DOME-COAXAUDIO-2P-1P8MM	4653 8MP 半球型 紅外線 同軸聲音 1.8mm	P0452	CY-006 同軸聲音球體	1	啟用	固定料件	2026/07/16	2026/07/16
4653-DOME-WIDE1P8-SPECIAL-5MP-IR-8P-1P8MM	超廣角1.8MM專用 五百萬半球形紅外線 8P 攝影機 - 4653 1.8mm	P0324	CY-005 銀色球蓋	1	啟用	固定料件	2026/07/14	2026/07/14
4653-DOME-WIDE1P8-SPECIAL-5MP-IR-8P-1P8MM	超廣角1.8MM專用 五百萬半球形紅外線 8P 攝影機 - 4653 1.8mm	P0334	五芯線	1	啟用	固定料件	2026/07/14	2026/07/14
4653-DOME-WIDE1P8-SPECIAL-5MP-IR-8P-1P8MM	超廣角1.8MM專用 五百萬半球形紅外線 8P 攝影機 - 4653 1.8mm	P0371	4653 1.8mm	1	啟用	選項模組/鏡頭	2026/07/14	2026/07/14
4653-DOME-WIDE1P8-SPECIAL-5MP-IR-8P-1P8MM	超廣角1.8MM專用 五百萬半球形紅外線 8P 攝影機 - 4653 1.8mm	P0451	CY-005 超廣角1.8MM專用球體	1	啟用	固定料件	2026/07/14	2026/07/14
4653-DOME-COAXAUDIO-2P-2P8MM	半球形同軸聲音紅外線 2P 攝影機 - 4653 2.8mm	P0372	4653 2.8mm	1	啟用	選項模組/鏡頭	2026/07/14	2026/07/14
4653-DOME-COAXAUDIO-2P-2P8MM	半球形同軸聲音紅外線 2P 攝影機 - 4653 2.8mm	P0452	CY-006 同軸聲音球體	1	啟用	固定料件	2026/07/14	2026/07/14
4653-DOME-IR-18P-2P8MM	4653 半球形紅外線 18P 攝影機 - 4653 2.8mm	P0312	CY-002 303光面半球 球體	1	啟用	固定料件	2026/07/14	2026/07/14
4653-DOME-IR-18P-2P8MM	4653 半球形紅外線 18P 攝影機 - 4653 2.8mm	P0313	CY-002 303光面半球 圓形玻璃	1	啟用	固定料件	2026/07/14	2026/07/14
4653-DOME-IR-18P-2P8MM	4653 半球形紅外線 18P 攝影機 - 4653 2.8mm	P0334	五芯線	1	啟用	固定料件	2026/07/14	2026/07/14
4653-DOME-IR-18P-2P8MM	4653 半球形紅外線 18P 攝影機 - 4653 2.8mm	P0350	18燈紅外線燈板	1	啟用	固定料件	2026/07/14	2026/07/14
4653-DOME-IR-18P-2P8MM	4653 半球形紅外線 18P 攝影機 - 4653 2.8mm	P0372	4653 2.8mm	1	啟用	選項模組/鏡頭	2026/07/14	2026/07/14
4653-DOME-COAXAUDIO-2P-3P6MM	半球形同軸聲音紅外線 2P 攝影機 - 4653 3.6mm	P0373	4653 3.6mm	1	啟用	選項模組/鏡頭	2026/07/14	2026/07/14
4653-DOME-COAXAUDIO-2P-3P6MM	半球形同軸聲音紅外線 2P 攝影機 - 4653 3.6mm	P0452	CY-006 同軸聲音球體	1	啟用	固定料件	2026/07/14	2026/07/14
4653-DOME-IR-18P-3P6MM	4653 半球形紅外線 18P 攝影機 - 4653 3.6mm	P0312	CY-002 303光面半球 球體	1	啟用	固定料件	2026/07/14	2026/07/14
4653-DOME-IR-18P-3P6MM	4653 半球形紅外線 18P 攝影機 - 4653 3.6mm	P0313	CY-002 303光面半球 圓形玻璃	1	啟用	固定料件	2026/07/14	2026/07/14
4653-DOME-IR-18P-3P6MM	4653 半球形紅外線 18P 攝影機 - 4653 3.6mm	P0334	五芯線	1	啟用	固定料件	2026/07/14	2026/07/14
4653-DOME-IR-18P-3P6MM	4653 半球形紅外線 18P 攝影機 - 4653 3.6mm	P0350	18燈紅外線燈板	1	啟用	固定料件	2026/07/14	2026/07/14
4653-DOME-IR-18P-3P6MM	4653 半球形紅外線 18P 攝影機 - 4653 3.6mm	P0373	4653 3.6mm	1	啟用	選項模組/鏡頭	2026/07/14	2026/07/14
4653-DOME-COAXAUDIO-2P-6MM	半球形同軸聲音紅外線 2P 攝影機 - 4653 6mm	P0374	4653 6mm	1	啟用	選項模組/鏡頭	2026/07/14	2026/07/14
4653-DOME-COAXAUDIO-2P-6MM	半球形同軸聲音紅外線 2P 攝影機 - 4653 6mm	P0452	CY-006 同軸聲音球體	1	啟用	固定料件	2026/07/14	2026/07/14
4653-DOME-IR-18P-6MM	4653 半球形紅外線 18P 攝影機 - 4653 6mm	P0312	CY-002 303光面半球 球體	1	啟用	固定料件	2026/07/14	2026/07/14
4653-DOME-IR-18P-6MM	4653 半球形紅外線 18P 攝影機 - 4653 6mm	P0313	CY-002 303光面半球 圓形玻璃	1	啟用	固定料件	2026/07/14	2026/07/14
4653-DOME-IR-18P-6MM	4653 半球形紅外線 18P 攝影機 - 4653 6mm	P0334	五芯線	1	啟用	固定料件	2026/07/14	2026/07/14
4653-DOME-IR-18P-6MM	4653 半球形紅外線 18P 攝影機 - 4653 6mm	P0350	18燈紅外線燈板	1	啟用	固定料件	2026/07/14	2026/07/14
4653-DOME-IR-18P-6MM	4653 半球形紅外線 18P 攝影機 - 4653 6mm	P0374	4653 6mm	1	啟用	選項模組/鏡頭	2026/07/14	2026/07/14
4653-DOME-COAXAUDIO-2P-8MM	半球形同軸聲音紅外線 2P 攝影機 - 4653 8mm	P0375	4653 8mm	1	啟用	選項模組/鏡頭	2026/07/14	2026/07/14
4653-DOME-COAXAUDIO-2P-8MM	半球形同軸聲音紅外線 2P 攝影機 - 4653 8mm	P0452	CY-006 同軸聲音球體	1	啟用	固定料件	2026/07/14	2026/07/14
4653-DOME-IR-18P-8MM	4653 半球形紅外線 18P 攝影機 - 4653 8mm	P0312	CY-002 303光面半球 球體	1	啟用	固定料件	2026/07/14	2026/07/14
4653-DOME-IR-18P-8MM	4653 半球形紅外線 18P 攝影機 - 4653 8mm	P0313	CY-002 303光面半球 圓形玻璃	1	啟用	固定料件	2026/07/14	2026/07/14
4653-DOME-IR-18P-8MM	4653 半球形紅外線 18P 攝影機 - 4653 8mm	P0334	五芯線	1	啟用	固定料件	2026/07/14	2026/07/14
4653-DOME-IR-18P-8MM	4653 半球形紅外線 18P 攝影機 - 4653 8mm	P0350	18燈紅外線燈板	1	啟用	固定料件	2026/07/14	2026/07/14
4653-DOME-IR-18P-8MM	4653 半球形紅外線 18P 攝影機 - 4653 8mm	P0375	4653 8mm	1	啟用	選項模組/鏡頭	2026/07/14	2026/07/14
4653-BULLET-WIDE1P8-5MP-IR-8P-1P8MM	超廣角1.8MM 五百萬槍型紅外線 8P 攝影機 - 4653 1.8mm	P0320	CY-004 玻璃	1	啟用	固定料件	2026/07/14	2026/07/14
4653-BULLET-WIDE1P8-5MP-IR-8P-1P8MM	超廣角1.8MM 五百萬槍型紅外線 8P 攝影機 - 4653 1.8mm	P0321	CY-004 前蓋圓環	1	啟用	固定料件	2026/07/14	2026/07/14
4653-BULLET-WIDE1P8-5MP-IR-8P-1P8MM	超廣角1.8MM 五百萬槍型紅外線 8P 攝影機 - 4653 1.8mm	P0322	CY-004 防雨罩	1	啟用	固定料件	2026/07/14	2026/07/14
4653-BULLET-WIDE1P8-5MP-IR-8P-1P8MM	超廣角1.8MM 五百萬槍型紅外線 8P 攝影機 - 4653 1.8mm	P0335	五芯線帶螺紋	1	啟用	固定料件	2026/07/14	2026/07/14
4653-BULLET-WIDE1P8-5MP-IR-8P-1P8MM	超廣角1.8MM 五百萬槍型紅外線 8P 攝影機 - 4653 1.8mm	P0341	8燈紅外線燈板	1	啟用	固定料件	2026/07/14	2026/07/14
4653-BULLET-WIDE1P8-5MP-IR-8P-1P8MM	超廣角1.8MM 五百萬槍型紅外線 8P 攝影機 - 4653 1.8mm	P0371	4653 1.8mm	1	啟用	選項模組/鏡頭	2026/07/14	2026/07/14
4653-BULLET-WIDE1P8-5MP-IR-8P-1P8MM	超廣角1.8MM 五百萬槍型紅外線 8P 攝影機 - 4653 1.8mm	P0450	CY-004 超廣角1.8MM專用槍體	1	啟用	固定料件	2026/07/14	2026/07/14
4653-BULLET-IR-8P-2P8MM	4653 槍型紅外線 8P 攝影機 - 4653 2.8mm	P0305	CY-001 槍體 白	1	啟用	固定料件	2026/07/14	2026/07/14
4653-BULLET-IR-8P-2P8MM	4653 槍型紅外線 8P 攝影機 - 4653 2.8mm	P0306	CY-001 前蓋玻璃 白	1	啟用	固定料件	2026/07/14	2026/07/14
4653-BULLET-IR-8P-2P8MM	4653 槍型紅外線 8P 攝影機 - 4653 2.8mm	P0307	CY-001 防雨罩 白	1	啟用	固定料件	2026/07/14	2026/07/14
4653-BULLET-IR-8P-2P8MM	4653 槍型紅外線 8P 攝影機 - 4653 2.8mm	P0335	五芯線帶螺紋	1	啟用	固定料件	2026/07/14	2026/07/14
4653-BULLET-IR-8P-2P8MM	4653 槍型紅外線 8P 攝影機 - 4653 2.8mm	P0341	8燈紅外線燈板	1	啟用	固定料件	2026/07/14	2026/07/14
4653-BULLET-IR-8P-2P8MM	4653 槍型紅外線 8P 攝影機 - 4653 2.8mm	P0372	4653 2.8mm	1	啟用	選項模組/鏡頭	2026/07/14	2026/07/14
4653-BULLET-IR-8P-3P6MM	4653 槍型紅外線 8P 攝影機 - 4653 3.6mm	P0305	CY-001 槍體 白	1	啟用	固定料件	2026/07/14	2026/07/14
4653-BULLET-IR-8P-3P6MM	4653 槍型紅外線 8P 攝影機 - 4653 3.6mm	P0306	CY-001 前蓋玻璃 白	1	啟用	固定料件	2026/07/14	2026/07/14
4653-BULLET-IR-8P-3P6MM	4653 槍型紅外線 8P 攝影機 - 4653 3.6mm	P0307	CY-001 防雨罩 白	1	啟用	固定料件	2026/07/14	2026/07/14
4653-BULLET-IR-8P-3P6MM	4653 槍型紅外線 8P 攝影機 - 4653 3.6mm	P0335	五芯線帶螺紋	1	啟用	固定料件	2026/07/14	2026/07/14
4653-BULLET-IR-8P-3P6MM	4653 槍型紅外線 8P 攝影機 - 4653 3.6mm	P0341	8燈紅外線燈板	1	啟用	固定料件	2026/07/14	2026/07/14
4653-BULLET-IR-8P-3P6MM	4653 槍型紅外線 8P 攝影機 - 4653 3.6mm	P0373	4653 3.6mm	1	啟用	選項模組/鏡頭	2026/07/14	2026/07/14
4653-BULLET-IR-8P-6MM	4653 槍型紅外線 8P 攝影機 - 4653 6mm	P0305	CY-001 槍體 白	1	啟用	固定料件	2026/07/14	2026/07/14
4653-BULLET-IR-8P-6MM	4653 槍型紅外線 8P 攝影機 - 4653 6mm	P0306	CY-001 前蓋玻璃 白	1	啟用	固定料件	2026/07/14	2026/07/14
4653-BULLET-IR-8P-6MM	4653 槍型紅外線 8P 攝影機 - 4653 6mm	P0307	CY-001 防雨罩 白	1	啟用	固定料件	2026/07/14	2026/07/14
4653-BULLET-IR-8P-6MM	4653 槍型紅外線 8P 攝影機 - 4653 6mm	P0335	五芯線帶螺紋	1	啟用	固定料件	2026/07/14	2026/07/14
4653-BULLET-IR-8P-6MM	4653 槍型紅外線 8P 攝影機 - 4653 6mm	P0341	8燈紅外線燈板	1	啟用	固定料件	2026/07/14	2026/07/14
4653-BULLET-IR-8P-6MM	4653 槍型紅外線 8P 攝影機 - 4653 6mm	P0374	4653 6mm	1	啟用	選項模組/鏡頭	2026/07/14	2026/07/14
4653-BULLET-IR-8P-8MM	4653 槍型紅外線 8P 攝影機 - 4653 8mm	P0305	CY-001 槍體 白	1	啟用	固定料件	2026/07/14	2026/07/14
4653-BULLET-IR-8P-8MM	4653 槍型紅外線 8P 攝影機 - 4653 8mm	P0306	CY-001 前蓋玻璃 白	1	啟用	固定料件	2026/07/14	2026/07/14
4653-BULLET-IR-8P-8MM	4653 槍型紅外線 8P 攝影機 - 4653 8mm	P0307	CY-001 防雨罩 白	1	啟用	固定料件	2026/07/14	2026/07/14
4653-BULLET-IR-8P-8MM	4653 槍型紅外線 8P 攝影機 - 4653 8mm	P0335	五芯線帶螺紋	1	啟用	固定料件	2026/07/14	2026/07/14
4653-BULLET-IR-8P-8MM	4653 槍型紅外線 8P 攝影機 - 4653 8mm	P0341	8燈紅外線燈板	1	啟用	固定料件	2026/07/14	2026/07/14
4653-BULLET-IR-8P-8MM	4653 槍型紅外線 8P 攝影機 - 4653 8mm	P0375	4653 8mm	1	啟用	選項模組/鏡頭	2026/07/14	2026/07/14
4653-SHIELD-IR-12P-2P7-13MM	4653 防護罩紅外線 12P 攝影機 - 4653 2.7-13mm	P0327	CY-007 防護罩槍體	1	啟用	固定料件	2026/07/14	2026/07/14
4653-SHIELD-IR-12P-2P7-13MM	4653 防護罩紅外線 12P 攝影機 - 4653 2.7-13mm	P0334	五芯線	1	啟用	固定料件	2026/07/14	2026/07/14
4653-SHIELD-IR-12P-2P7-13MM	4653 防護罩紅外線 12P 攝影機 - 4653 2.7-13mm	P0346	防護罩12燈紅外線燈板	1	啟用	固定料件	2026/07/14	2026/07/14
4653-SHIELD-IR-12P-2P7-13MM	4653 防護罩紅外線 12P 攝影機 - 4653 2.7-13mm	P0453	CY-007定位盒	1	啟用	固定料件	2026/07/14	2026/07/14
4653-SHIELD-IR-12P-2P7-13MM	4653 防護罩紅外線 12P 攝影機 - 4653 2.7-13mm	P0455	4653 2.7-13mm	1	啟用	選項模組/鏡頭	2026/07/14	2026/07/14
4653-SHIELD-IR-12P-2P8-12MM	4653 防護罩紅外線 12P 攝影機 - 4653 2.8-12mm	P0327	CY-007 防護罩槍體	1	啟用	固定料件	2026/07/15	2026/07/15
4653-SHIELD-IR-12P-2P8-12MM	4653 防護罩紅外線 12P 攝影機 - 4653 2.8-12mm	P0334	五芯線	1	啟用	固定料件	2026/07/15	2026/07/15
4653-SHIELD-IR-12P-2P8-12MM	4653 防護罩紅外線 12P 攝影機 - 4653 2.8-12mm	P0346	防護罩12燈紅外線燈板	1	啟用	固定料件	2026/07/15	2026/07/15
4653-SHIELD-IR-12P-2P8-12MM	4653 防護罩紅外線 12P 攝影機 - 4653 2.8-12mm	P0376	4653 2.8-12mm	1	啟用	選項模組/鏡頭	2026/07/15	2026/07/15
4653-SHIELD-IR-12P-2P8-12MM	4653 防護罩紅外線 12P 攝影機 - 4653 2.8-12mm	P0453	CY-007定位盒	1	啟用	固定料件	2026/07/15	2026/07/15
4653-SHIELD-IR-12P-2P8MM	4653 防護罩紅外線 12P 攝影機 - 4653 2.8mm	P0327	CY-007 防護罩槍體	1	啟用	固定料件	2026/07/14	2026/07/14
4653-SHIELD-IR-12P-2P8MM	4653 防護罩紅外線 12P 攝影機 - 4653 2.8mm	P0334	五芯線	1	啟用	固定料件	2026/07/14	2026/07/14
4653-SHIELD-IR-12P-2P8MM	4653 防護罩紅外線 12P 攝影機 - 4653 2.8mm	P0346	防護罩12燈紅外線燈板	1	啟用	固定料件	2026/07/14	2026/07/14
4653-SHIELD-IR-12P-2P8MM	4653 防護罩紅外線 12P 攝影機 - 4653 2.8mm	P0372	4653 2.8mm	1	啟用	選項模組/鏡頭	2026/07/14	2026/07/14
4653-SHIELD-IR-12P-2P8MM	4653 防護罩紅外線 12P 攝影機 - 4653 2.8mm	P0453	CY-007定位盒	1	啟用	固定料件	2026/07/14	2026/07/14
4653-SHIELD-IR-12P-3P6MM	4653 防護罩紅外線 12P 攝影機 - 4653 3.6mm	P0327	CY-007 防護罩槍體	1	啟用	固定料件	2026/07/14	2026/07/14
4653-SHIELD-IR-12P-3P6MM	4653 防護罩紅外線 12P 攝影機 - 4653 3.6mm	P0334	五芯線	1	啟用	固定料件	2026/07/14	2026/07/14
4653-SHIELD-IR-12P-3P6MM	4653 防護罩紅外線 12P 攝影機 - 4653 3.6mm	P0346	防護罩12燈紅外線燈板	1	啟用	固定料件	2026/07/14	2026/07/14
4653-SHIELD-IR-12P-3P6MM	4653 防護罩紅外線 12P 攝影機 - 4653 3.6mm	P0373	4653 3.6mm	1	啟用	選項模組/鏡頭	2026/07/14	2026/07/14
4653-SHIELD-IR-12P-3P6MM	4653 防護罩紅外線 12P 攝影機 - 4653 3.6mm	P0453	CY-007定位盒	1	啟用	固定料件	2026/07/14	2026/07/14
4653-SHIELD-YELLOW-12P-3P6MM	4653 防護罩 黃光 3.6mm	P0327	CY-007 防護罩槍體	1	啟用	固定料件	2026/07/16	2026/07/16
4653-SHIELD-YELLOW-12P-3P6MM	4653 防護罩 黃光 3.6mm	P0334	五芯線	1	啟用	固定料件	2026/07/16	2026/07/16
4653-SHIELD-YELLOW-12P-3P6MM	4653 防護罩 黃光 3.6mm	P0346	防護罩12燈紅外線燈板	1	啟用	固定料件	2026/07/16	2026/07/16
4653-SHIELD-YELLOW-12P-3P6MM	4653 防護罩 黃光 3.6mm	P0373	4653 3.6mm	1	啟用	選項模組/鏡頭	2026/07/16	2026/07/16
4653-SHIELD-YELLOW-12P-3P6MM	4653 防護罩 黃光 3.6mm	P0453	CY-007定位盒	1	啟用	固定料件	2026/07/16	2026/07/16
4653-SHIELD-YELLOW-12P-3P6MM	4653 防護罩 黃光 3.6mm	P0462	暫時材料	1	啟用	暫時材料/待確認料件	2026/07/16	2026/07/16
4653-SHIELD-IR-12P-6MM	4653 防護罩紅外線 12P 攝影機 - 4653 6mm	P0327	CY-007 防護罩槍體	1	啟用	固定料件	2026/07/14	2026/07/14
4653-SHIELD-IR-12P-6MM	4653 防護罩紅外線 12P 攝影機 - 4653 6mm	P0334	五芯線	1	啟用	固定料件	2026/07/14	2026/07/14
4653-SHIELD-IR-12P-6MM	4653 防護罩紅外線 12P 攝影機 - 4653 6mm	P0346	防護罩12燈紅外線燈板	1	啟用	固定料件	2026/07/14	2026/07/14
4653-SHIELD-IR-12P-6MM	4653 防護罩紅外線 12P 攝影機 - 4653 6mm	P0374	4653 6mm	1	啟用	選項模組/鏡頭	2026/07/14	2026/07/14
4653-SHIELD-IR-12P-6MM	4653 防護罩紅外線 12P 攝影機 - 4653 6mm	P0453	CY-007定位盒	1	啟用	固定料件	2026/07/14	2026/07/14
4653-SHIELD-IR-12P-8MM	4653 防護罩紅外線 12P 攝影機 - 4653 8mm	P0327	CY-007 防護罩槍體	1	啟用	固定料件	2026/07/14	2026/07/14
4653-SHIELD-IR-12P-8MM	4653 防護罩紅外線 12P 攝影機 - 4653 8mm	P0334	五芯線	1	啟用	固定料件	2026/07/14	2026/07/14
4653-SHIELD-IR-12P-8MM	4653 防護罩紅外線 12P 攝影機 - 4653 8mm	P0346	防護罩12燈紅外線燈板	1	啟用	固定料件	2026/07/14	2026/07/14
4653-SHIELD-IR-12P-8MM	4653 防護罩紅外線 12P 攝影機 - 4653 8mm	P0375	4653 8mm	1	啟用	選項模組/鏡頭	2026/07/14	2026/07/14
4653-SHIELD-IR-12P-8MM	4653 防護罩紅外線 12P 攝影機 - 4653 8mm	P0453	CY-007定位盒	1	啟用	固定料件	2026/07/14	2026/07/14
5083-AIO-IR-4P-2P8MM	5083 一體機紅外線 4P 攝影機 - 5083 2.8mm	P0316	CY-003 一體機主體 白	1	啟用	固定料件	2026/07/14	2026/07/14
5083-AIO-IR-4P-2P8MM	5083 一體機紅外線 4P 攝影機 - 5083 2.8mm	P0317	CY-003 一體機附件 白	1	啟用	固定料件	2026/07/14	2026/07/14
5083-AIO-IR-4P-2P8MM	5083 一體機紅外線 4P 攝影機 - 5083 2.8mm	P0334	五芯線	1	啟用	固定料件	2026/07/14	2026/07/14
5083-AIO-IR-4P-2P8MM	5083 一體機紅外線 4P 攝影機 - 5083 2.8mm	P0343	一體G紅外線燈板	1	啟用	固定料件	2026/07/14	2026/07/14
5083-AIO-IR-4P-2P8MM	5083 一體機紅外線 4P 攝影機 - 5083 2.8mm	P0366	5083 2.8mm	1	啟用	選項模組/鏡頭	2026/07/14	2026/07/14
5083-AIO-YELLOW-4P-2P8MM	5083 一體機黃光 4P 攝影機 - 5083 2.8mm	P0316	CY-003 一體機主體 白	1	啟用	固定料件	2026/07/14	2026/07/14
5083-AIO-YELLOW-4P-2P8MM	5083 一體機黃光 4P 攝影機 - 5083 2.8mm	P0317	CY-003 一體機附件 白	1	啟用	固定料件	2026/07/14	2026/07/14
5083-AIO-YELLOW-4P-2P8MM	5083 一體機黃光 4P 攝影機 - 5083 2.8mm	P0334	五芯線	1	啟用	固定料件	2026/07/14	2026/07/14
5083-AIO-YELLOW-4P-2P8MM	5083 一體機黃光 4P 攝影機 - 5083 2.8mm	P0344	一體G黃光燈板	1	啟用	固定料件	2026/07/14	2026/07/14
5083-AIO-YELLOW-4P-2P8MM	5083 一體機黃光 4P 攝影機 - 5083 2.8mm	P0366	5083 2.8mm	1	啟用	選項模組/鏡頭	2026/07/14	2026/07/14
5083-AIO-IR-4P-3P6MM	5083 一體機紅外線 4P 攝影機 - 5083 3.6mm	P0316	CY-003 一體機主體 白	1	啟用	固定料件	2026/07/14	2026/07/14
5083-AIO-IR-4P-3P6MM	5083 一體機紅外線 4P 攝影機 - 5083 3.6mm	P0317	CY-003 一體機附件 白	1	啟用	固定料件	2026/07/14	2026/07/14
5083-AIO-IR-4P-3P6MM	5083 一體機紅外線 4P 攝影機 - 5083 3.6mm	P0334	五芯線	1	啟用	固定料件	2026/07/14	2026/07/14
5083-AIO-IR-4P-3P6MM	5083 一體機紅外線 4P 攝影機 - 5083 3.6mm	P0343	一體G紅外線燈板	1	啟用	固定料件	2026/07/14	2026/07/14
5083-AIO-IR-4P-3P6MM	5083 一體機紅外線 4P 攝影機 - 5083 3.6mm	P0367	5083 3.6mm	1	啟用	選項模組/鏡頭	2026/07/14	2026/07/14
5083-AIO-YELLOW-4P-3P6MM	5083 一體機黃光 4P 攝影機 - 5083 3.6mm	P0316	CY-003 一體機主體 白	1	啟用	固定料件	2026/07/14	2026/07/14
5083-AIO-YELLOW-4P-3P6MM	5083 一體機黃光 4P 攝影機 - 5083 3.6mm	P0317	CY-003 一體機附件 白	1	啟用	固定料件	2026/07/14	2026/07/14
5083-AIO-YELLOW-4P-3P6MM	5083 一體機黃光 4P 攝影機 - 5083 3.6mm	P0334	五芯線	1	啟用	固定料件	2026/07/14	2026/07/14
5083-AIO-YELLOW-4P-3P6MM	5083 一體機黃光 4P 攝影機 - 5083 3.6mm	P0344	一體G黃光燈板	1	啟用	固定料件	2026/07/14	2026/07/14
5083-AIO-YELLOW-4P-3P6MM	5083 一體機黃光 4P 攝影機 - 5083 3.6mm	P0367	5083 3.6mm	1	啟用	選項模組/鏡頭	2026/07/14	2026/07/14
5083-AIO-IR-4P-6MM	5083 一體機紅外線 4P 攝影機 - 5083 6mm	P0316	CY-003 一體機主體 白	1	啟用	固定料件	2026/07/14	2026/07/14
5083-AIO-IR-4P-6MM	5083 一體機紅外線 4P 攝影機 - 5083 6mm	P0317	CY-003 一體機附件 白	1	啟用	固定料件	2026/07/14	2026/07/14
5083-AIO-IR-4P-6MM	5083 一體機紅外線 4P 攝影機 - 5083 6mm	P0334	五芯線	1	啟用	固定料件	2026/07/14	2026/07/14
5083-AIO-IR-4P-6MM	5083 一體機紅外線 4P 攝影機 - 5083 6mm	P0343	一體G紅外線燈板	1	啟用	固定料件	2026/07/14	2026/07/14
5083-AIO-IR-4P-6MM	5083 一體機紅外線 4P 攝影機 - 5083 6mm	P0368	5083 6mm	1	啟用	選項模組/鏡頭	2026/07/14	2026/07/14
5083-AIO-YELLOW-4P-6MM	5083 一體機黃光 4P 攝影機 - 5083 6mm	P0316	CY-003 一體機主體 白	1	啟用	固定料件	2026/07/14	2026/07/14
5083-AIO-YELLOW-4P-6MM	5083 一體機黃光 4P 攝影機 - 5083 6mm	P0317	CY-003 一體機附件 白	1	啟用	固定料件	2026/07/14	2026/07/14
5083-AIO-YELLOW-4P-6MM	5083 一體機黃光 4P 攝影機 - 5083 6mm	P0334	五芯線	1	啟用	固定料件	2026/07/14	2026/07/14
5083-AIO-YELLOW-4P-6MM	5083 一體機黃光 4P 攝影機 - 5083 6mm	P0344	一體G黃光燈板	1	啟用	固定料件	2026/07/14	2026/07/14
5083-AIO-YELLOW-4P-6MM	5083 一體機黃光 4P 攝影機 - 5083 6mm	P0368	5083 6mm	1	啟用	選項模組/鏡頭	2026/07/14	2026/07/14
5083-AIO-IR-4P-8MM	5083 一體機紅外線 4P 攝影機 - 5083 8mm	P0316	CY-003 一體機主體 白	1	啟用	固定料件	2026/07/14	2026/07/14
5083-AIO-IR-4P-8MM	5083 一體機紅外線 4P 攝影機 - 5083 8mm	P0317	CY-003 一體機附件 白	1	啟用	固定料件	2026/07/14	2026/07/14
5083-AIO-IR-4P-8MM	5083 一體機紅外線 4P 攝影機 - 5083 8mm	P0334	五芯線	1	啟用	固定料件	2026/07/14	2026/07/14
5083-AIO-IR-4P-8MM	5083 一體機紅外線 4P 攝影機 - 5083 8mm	P0343	一體G紅外線燈板	1	啟用	固定料件	2026/07/14	2026/07/14
5083-AIO-IR-4P-8MM	5083 一體機紅外線 4P 攝影機 - 5083 8mm	P0369	5083 8mm	1	啟用	選項模組/鏡頭	2026/07/14	2026/07/14
5083-AIO-YELLOW-4P-8MM	5083 一體機黃光 4P 攝影機 - 5083 8mm	P0316	CY-003 一體機主體 白	1	啟用	固定料件	2026/07/14	2026/07/14
5083-AIO-YELLOW-4P-8MM	5083 一體機黃光 4P 攝影機 - 5083 8mm	P0317	CY-003 一體機附件 白	1	啟用	固定料件	2026/07/14	2026/07/14
5083-AIO-YELLOW-4P-8MM	5083 一體機黃光 4P 攝影機 - 5083 8mm	P0334	五芯線	1	啟用	固定料件	2026/07/14	2026/07/14
5083-AIO-YELLOW-4P-8MM	5083 一體機黃光 4P 攝影機 - 5083 8mm	P0344	一體G黃光燈板	1	啟用	固定料件	2026/07/14	2026/07/14
5083-AIO-YELLOW-4P-8MM	5083 一體機黃光 4P 攝影機 - 5083 8mm	P0369	5083 8mm	1	啟用	選項模組/鏡頭	2026/07/14	2026/07/14
5083-DOME-COAXAUDIO-2P-1P8MM	5083 半球型 紅外線 同軸聲音 1.8mm	P0365	5083 1.8mm	1	啟用	選項模組/鏡頭	2026/07/16	2026/07/16
5083-DOME-COAXAUDIO-2P-1P8MM	5083 半球型 紅外線 同軸聲音 1.8mm	P0452	CY-006 同軸聲音球體	1	啟用	固定料件	2026/07/16	2026/07/16
5083-DOME-WIDE1P8-SPECIAL-5MP-IR-8P-1P8MM	超廣角1.8MM專用 五百萬半球形紅外線 8P 攝影機 - 5083 1.8mm	P0324	CY-005 銀色球蓋	1	啟用	固定料件	2026/07/14	2026/07/14
5083-DOME-WIDE1P8-SPECIAL-5MP-IR-8P-1P8MM	超廣角1.8MM專用 五百萬半球形紅外線 8P 攝影機 - 5083 1.8mm	P0334	五芯線	1	啟用	固定料件	2026/07/14	2026/07/14
5083-DOME-WIDE1P8-SPECIAL-5MP-IR-8P-1P8MM	超廣角1.8MM專用 五百萬半球形紅外線 8P 攝影機 - 5083 1.8mm	P0365	5083 1.8mm	1	啟用	選項模組/鏡頭	2026/07/14	2026/07/14
5083-DOME-WIDE1P8-SPECIAL-5MP-IR-8P-1P8MM	超廣角1.8MM專用 五百萬半球形紅外線 8P 攝影機 - 5083 1.8mm	P0451	CY-005 超廣角1.8MM專用球體	1	啟用	固定料件	2026/07/14	2026/07/14
5083-DOME-COAXAUDIO-2P-2P8MM	半球形同軸聲音紅外線 2P 攝影機 - 5083 2.8mm	P0366	5083 2.8mm	1	啟用	選項模組/鏡頭	2026/07/14	2026/07/14
5083-DOME-COAXAUDIO-2P-2P8MM	半球形同軸聲音紅外線 2P 攝影機 - 5083 2.8mm	P0452	CY-006 同軸聲音球體	1	啟用	固定料件	2026/07/14	2026/07/14
5083-DOME-IR-18P-2P8MM	5083 半球形紅外線 18P 攝影機 - 5083 2.8mm	P0312	CY-002 303光面半球 球體	1	啟用	固定料件	2026/07/14	2026/07/14
5083-DOME-IR-18P-2P8MM	5083 半球形紅外線 18P 攝影機 - 5083 2.8mm	P0313	CY-002 303光面半球 圓形玻璃	1	啟用	固定料件	2026/07/14	2026/07/14
5083-DOME-IR-18P-2P8MM	5083 半球形紅外線 18P 攝影機 - 5083 2.8mm	P0334	五芯線	1	啟用	固定料件	2026/07/14	2026/07/14
5083-DOME-IR-18P-2P8MM	5083 半球形紅外線 18P 攝影機 - 5083 2.8mm	P0350	18燈紅外線燈板	1	啟用	固定料件	2026/07/14	2026/07/14
5083-DOME-IR-18P-2P8MM	5083 半球形紅外線 18P 攝影機 - 5083 2.8mm	P0366	5083 2.8mm	1	啟用	選項模組/鏡頭	2026/07/14	2026/07/14
5083-DOME-COAXAUDIO-2P-3P6MM	半球形同軸聲音紅外線 2P 攝影機 - 5083 3.6mm	P0367	5083 3.6mm	1	啟用	選項模組/鏡頭	2026/07/14	2026/07/14
5083-DOME-COAXAUDIO-2P-3P6MM	半球形同軸聲音紅外線 2P 攝影機 - 5083 3.6mm	P0452	CY-006 同軸聲音球體	1	啟用	固定料件	2026/07/14	2026/07/14
5083-DOME-IR-18P-3P6MM	5083 半球形紅外線 18P 攝影機 - 5083 3.6mm	P0312	CY-002 303光面半球 球體	1	啟用	固定料件	2026/07/14	2026/07/14
5083-DOME-IR-18P-3P6MM	5083 半球形紅外線 18P 攝影機 - 5083 3.6mm	P0313	CY-002 303光面半球 圓形玻璃	1	啟用	固定料件	2026/07/14	2026/07/14
5083-DOME-IR-18P-3P6MM	5083 半球形紅外線 18P 攝影機 - 5083 3.6mm	P0334	五芯線	1	啟用	固定料件	2026/07/14	2026/07/14
5083-DOME-IR-18P-3P6MM	5083 半球形紅外線 18P 攝影機 - 5083 3.6mm	P0350	18燈紅外線燈板	1	啟用	固定料件	2026/07/14	2026/07/14
5083-DOME-IR-18P-3P6MM	5083 半球形紅外線 18P 攝影機 - 5083 3.6mm	P0367	5083 3.6mm	1	啟用	選項模組/鏡頭	2026/07/14	2026/07/14
5083-DOME-COAXAUDIO-2P-6MM	半球形同軸聲音紅外線 2P 攝影機 - 5083 6mm	P0368	5083 6mm	1	啟用	選項模組/鏡頭	2026/07/14	2026/07/14
5083-DOME-COAXAUDIO-2P-6MM	半球形同軸聲音紅外線 2P 攝影機 - 5083 6mm	P0452	CY-006 同軸聲音球體	1	啟用	固定料件	2026/07/14	2026/07/14
5083-DOME-IR-18P-6MM	5083 半球形紅外線 18P 攝影機 - 5083 6mm	P0312	CY-002 303光面半球 球體	1	啟用	固定料件	2026/07/14	2026/07/14
5083-DOME-IR-18P-6MM	5083 半球形紅外線 18P 攝影機 - 5083 6mm	P0313	CY-002 303光面半球 圓形玻璃	1	啟用	固定料件	2026/07/14	2026/07/14
5083-DOME-IR-18P-6MM	5083 半球形紅外線 18P 攝影機 - 5083 6mm	P0334	五芯線	1	啟用	固定料件	2026/07/14	2026/07/14
5083-DOME-IR-18P-6MM	5083 半球形紅外線 18P 攝影機 - 5083 6mm	P0350	18燈紅外線燈板	1	啟用	固定料件	2026/07/14	2026/07/14
5083-DOME-IR-18P-6MM	5083 半球形紅外線 18P 攝影機 - 5083 6mm	P0368	5083 6mm	1	啟用	選項模組/鏡頭	2026/07/14	2026/07/14
5083-DOME-COAXAUDIO-2P-8MM	半球形同軸聲音紅外線 2P 攝影機 - 5083 8mm	P0369	5083 8mm	1	啟用	選項模組/鏡頭	2026/07/14	2026/07/14
5083-DOME-COAXAUDIO-2P-8MM	半球形同軸聲音紅外線 2P 攝影機 - 5083 8mm	P0452	CY-006 同軸聲音球體	1	啟用	固定料件	2026/07/14	2026/07/14
5083-DOME-IR-18P-8MM	5083 半球形紅外線 18P 攝影機 - 5083 8mm	P0312	CY-002 303光面半球 球體	1	啟用	固定料件	2026/07/14	2026/07/14
5083-DOME-IR-18P-8MM	5083 半球形紅外線 18P 攝影機 - 5083 8mm	P0313	CY-002 303光面半球 圓形玻璃	1	啟用	固定料件	2026/07/14	2026/07/14
5083-DOME-IR-18P-8MM	5083 半球形紅外線 18P 攝影機 - 5083 8mm	P0334	五芯線	1	啟用	固定料件	2026/07/14	2026/07/14
5083-DOME-IR-18P-8MM	5083 半球形紅外線 18P 攝影機 - 5083 8mm	P0350	18燈紅外線燈板	1	啟用	固定料件	2026/07/14	2026/07/14
5083-DOME-IR-18P-8MM	5083 半球形紅外線 18P 攝影機 - 5083 8mm	P0369	5083 8mm	1	啟用	選項模組/鏡頭	2026/07/14	2026/07/14
5083-BULLET-WIDE1P8-5MP-IR-8P-1P8MM	超廣角1.8MM 五百萬槍型紅外線 8P 攝影機 - 5083 1.8mm	P0320	CY-004 玻璃	1	啟用	固定料件	2026/07/14	2026/07/14
5083-BULLET-WIDE1P8-5MP-IR-8P-1P8MM	超廣角1.8MM 五百萬槍型紅外線 8P 攝影機 - 5083 1.8mm	P0321	CY-004 前蓋圓環	1	啟用	固定料件	2026/07/14	2026/07/14
5083-BULLET-WIDE1P8-5MP-IR-8P-1P8MM	超廣角1.8MM 五百萬槍型紅外線 8P 攝影機 - 5083 1.8mm	P0322	CY-004 防雨罩	1	啟用	固定料件	2026/07/14	2026/07/14
5083-BULLET-WIDE1P8-5MP-IR-8P-1P8MM	超廣角1.8MM 五百萬槍型紅外線 8P 攝影機 - 5083 1.8mm	P0335	五芯線帶螺紋	1	啟用	固定料件	2026/07/14	2026/07/14
5083-BULLET-WIDE1P8-5MP-IR-8P-1P8MM	超廣角1.8MM 五百萬槍型紅外線 8P 攝影機 - 5083 1.8mm	P0341	8燈紅外線燈板	1	啟用	固定料件	2026/07/14	2026/07/14
5083-BULLET-WIDE1P8-5MP-IR-8P-1P8MM	超廣角1.8MM 五百萬槍型紅外線 8P 攝影機 - 5083 1.8mm	P0365	5083 1.8mm	1	啟用	選項模組/鏡頭	2026/07/14	2026/07/14
5083-BULLET-WIDE1P8-5MP-IR-8P-1P8MM	超廣角1.8MM 五百萬槍型紅外線 8P 攝影機 - 5083 1.8mm	P0450	CY-004 超廣角1.8MM專用槍體	1	啟用	固定料件	2026/07/14	2026/07/14
5083-BULLET-IR-8P-2P8MM	5083 槍型紅外線 8P 攝影機 - 5083 2.8mm	P0305	CY-001 槍體 白	1	啟用	固定料件	2026/07/14	2026/07/14
5083-BULLET-IR-8P-2P8MM	5083 槍型紅外線 8P 攝影機 - 5083 2.8mm	P0306	CY-001 前蓋玻璃 白	1	啟用	固定料件	2026/07/14	2026/07/14
5083-BULLET-IR-8P-2P8MM	5083 槍型紅外線 8P 攝影機 - 5083 2.8mm	P0307	CY-001 防雨罩 白	1	啟用	固定料件	2026/07/14	2026/07/14
5083-BULLET-IR-8P-2P8MM	5083 槍型紅外線 8P 攝影機 - 5083 2.8mm	P0335	五芯線帶螺紋	1	啟用	固定料件	2026/07/14	2026/07/14
5083-BULLET-IR-8P-2P8MM	5083 槍型紅外線 8P 攝影機 - 5083 2.8mm	P0341	8燈紅外線燈板	1	啟用	固定料件	2026/07/14	2026/07/14
5083-BULLET-IR-8P-2P8MM	5083 槍型紅外線 8P 攝影機 - 5083 2.8mm	P0366	5083 2.8mm	1	啟用	選項模組/鏡頭	2026/07/14	2026/07/14
5083-BULLET-IR-8P-3P6MM	5083 槍型紅外線 8P 攝影機 - 5083 3.6mm	P0305	CY-001 槍體 白	1	啟用	固定料件	2026/07/14	2026/07/14
5083-BULLET-IR-8P-3P6MM	5083 槍型紅外線 8P 攝影機 - 5083 3.6mm	P0306	CY-001 前蓋玻璃 白	1	啟用	固定料件	2026/07/14	2026/07/14
5083-BULLET-IR-8P-3P6MM	5083 槍型紅外線 8P 攝影機 - 5083 3.6mm	P0307	CY-001 防雨罩 白	1	啟用	固定料件	2026/07/14	2026/07/14
5083-BULLET-IR-8P-3P6MM	5083 槍型紅外線 8P 攝影機 - 5083 3.6mm	P0335	五芯線帶螺紋	1	啟用	固定料件	2026/07/14	2026/07/14
5083-BULLET-IR-8P-3P6MM	5083 槍型紅外線 8P 攝影機 - 5083 3.6mm	P0341	8燈紅外線燈板	1	啟用	固定料件	2026/07/14	2026/07/14
5083-BULLET-IR-8P-3P6MM	5083 槍型紅外線 8P 攝影機 - 5083 3.6mm	P0367	5083 3.6mm	1	啟用	選項模組/鏡頭	2026/07/14	2026/07/14
5083-BULLET-IR-8P-6MM	5083 槍型紅外線 8P 攝影機 - 5083 6mm	P0305	CY-001 槍體 白	1	啟用	固定料件	2026/07/14	2026/07/14
5083-BULLET-IR-8P-6MM	5083 槍型紅外線 8P 攝影機 - 5083 6mm	P0306	CY-001 前蓋玻璃 白	1	啟用	固定料件	2026/07/14	2026/07/14
5083-BULLET-IR-8P-6MM	5083 槍型紅外線 8P 攝影機 - 5083 6mm	P0307	CY-001 防雨罩 白	1	啟用	固定料件	2026/07/14	2026/07/14
5083-BULLET-IR-8P-6MM	5083 槍型紅外線 8P 攝影機 - 5083 6mm	P0335	五芯線帶螺紋	1	啟用	固定料件	2026/07/14	2026/07/14
5083-BULLET-IR-8P-6MM	5083 槍型紅外線 8P 攝影機 - 5083 6mm	P0341	8燈紅外線燈板	1	啟用	固定料件	2026/07/14	2026/07/14
5083-BULLET-IR-8P-6MM	5083 槍型紅外線 8P 攝影機 - 5083 6mm	P0368	5083 6mm	1	啟用	選項模組/鏡頭	2026/07/14	2026/07/14
5083-BULLET-IR-8P-8MM	5083 槍型紅外線 8P 攝影機 - 5083 8mm	P0305	CY-001 槍體 白	1	啟用	固定料件	2026/07/14	2026/07/14
5083-BULLET-IR-8P-8MM	5083 槍型紅外線 8P 攝影機 - 5083 8mm	P0306	CY-001 前蓋玻璃 白	1	啟用	固定料件	2026/07/14	2026/07/14
5083-BULLET-IR-8P-8MM	5083 槍型紅外線 8P 攝影機 - 5083 8mm	P0307	CY-001 防雨罩 白	1	啟用	固定料件	2026/07/14	2026/07/14
5083-BULLET-IR-8P-8MM	5083 槍型紅外線 8P 攝影機 - 5083 8mm	P0335	五芯線帶螺紋	1	啟用	固定料件	2026/07/14	2026/07/14
5083-BULLET-IR-8P-8MM	5083 槍型紅外線 8P 攝影機 - 5083 8mm	P0341	8燈紅外線燈板	1	啟用	固定料件	2026/07/14	2026/07/14
5083-BULLET-IR-8P-8MM	5083 槍型紅外線 8P 攝影機 - 5083 8mm	P0369	5083 8mm	1	啟用	選項模組/鏡頭	2026/07/14	2026/07/14
5083-SHIELD-IR-12P-2P7-13MM	5083 防護罩紅外線 12P 攝影機 - 5083 2.7-13mm	P0327	CY-007 防護罩槍體	1	啟用	固定料件	2026/07/14	2026/07/14
5083-SHIELD-IR-12P-2P7-13MM	5083 防護罩紅外線 12P 攝影機 - 5083 2.7-13mm	P0334	五芯線	1	啟用	固定料件	2026/07/14	2026/07/14
5083-SHIELD-IR-12P-2P7-13MM	5083 防護罩紅外線 12P 攝影機 - 5083 2.7-13mm	P0346	防護罩12燈紅外線燈板	1	啟用	固定料件	2026/07/14	2026/07/14
5083-SHIELD-IR-12P-2P7-13MM	5083 防護罩紅外線 12P 攝影機 - 5083 2.7-13mm	P0364	5083 2.7-13mm	1	啟用	選項模組/鏡頭	2026/07/14	2026/07/14
5083-SHIELD-IR-12P-2P7-13MM	5083 防護罩紅外線 12P 攝影機 - 5083 2.7-13mm	P0453	CY-007定位盒	1	啟用	固定料件	2026/07/14	2026/07/14
5083-SHIELD-IR-12P-2P8-12MM	5083 防護罩紅外線 12P 攝影機 - 5083 2.8-12mm	P0327	CY-007 防護罩槍體	1	啟用	固定料件	2026/07/15	2026/07/15
5083-SHIELD-IR-12P-2P8-12MM	5083 防護罩紅外線 12P 攝影機 - 5083 2.8-12mm	P0334	五芯線	1	啟用	固定料件	2026/07/15	2026/07/15
5083-SHIELD-IR-12P-2P8-12MM	5083 防護罩紅外線 12P 攝影機 - 5083 2.8-12mm	P0346	防護罩12燈紅外線燈板	1	啟用	固定料件	2026/07/15	2026/07/15
5083-SHIELD-IR-12P-2P8-12MM	5083 防護罩紅外線 12P 攝影機 - 5083 2.8-12mm	P0370	5083 2.8-12mm	1	啟用	選項模組/鏡頭	2026/07/15	2026/07/15
5083-SHIELD-IR-12P-2P8-12MM	5083 防護罩紅外線 12P 攝影機 - 5083 2.8-12mm	P0453	CY-007定位盒	1	啟用	固定料件	2026/07/15	2026/07/15
5083-SHIELD-IR-12P-2P8MM	5083 防護罩紅外線 12P 攝影機 - 5083 2.8mm	P0327	CY-007 防護罩槍體	1	啟用	固定料件	2026/07/14	2026/07/14
5083-SHIELD-IR-12P-2P8MM	5083 防護罩紅外線 12P 攝影機 - 5083 2.8mm	P0334	五芯線	1	啟用	固定料件	2026/07/14	2026/07/14
5083-SHIELD-IR-12P-2P8MM	5083 防護罩紅外線 12P 攝影機 - 5083 2.8mm	P0346	防護罩12燈紅外線燈板	1	啟用	固定料件	2026/07/14	2026/07/14
5083-SHIELD-IR-12P-2P8MM	5083 防護罩紅外線 12P 攝影機 - 5083 2.8mm	P0366	5083 2.8mm	1	啟用	選項模組/鏡頭	2026/07/14	2026/07/14
5083-SHIELD-IR-12P-2P8MM	5083 防護罩紅外線 12P 攝影機 - 5083 2.8mm	P0453	CY-007定位盒	1	啟用	固定料件	2026/07/14	2026/07/14
5083-SHIELD-YELLOW-12P-2P8MM	5083 防護罩 黃光 2.8mm	P0327	CY-007 防護罩槍體	1	啟用	固定料件	2026/07/16	2026/07/16
5083-SHIELD-YELLOW-12P-2P8MM	5083 防護罩 黃光 2.8mm	P0334	五芯線	1	啟用	固定料件	2026/07/16	2026/07/16
5083-SHIELD-YELLOW-12P-2P8MM	5083 防護罩 黃光 2.8mm	P0346	防護罩12燈紅外線燈板	1	啟用	固定料件	2026/07/16	2026/07/16
5083-SHIELD-YELLOW-12P-2P8MM	5083 防護罩 黃光 2.8mm	P0366	5083 2.8mm	1	啟用	選項模組/鏡頭	2026/07/16	2026/07/16
5083-SHIELD-YELLOW-12P-2P8MM	5083 防護罩 黃光 2.8mm	P0453	CY-007定位盒	1	啟用	固定料件	2026/07/16	2026/07/16
5083-SHIELD-YELLOW-12P-2P8MM	5083 防護罩 黃光 2.8mm	P0462	暫時材料	1	啟用	暫時材料/待確認料件	2026/07/16	2026/07/16
5083-SHIELD-IR-12P-3P6MM	5083 防護罩紅外線 12P 攝影機 - 5083 3.6mm	P0327	CY-007 防護罩槍體	1	啟用	固定料件	2026/07/14	2026/07/14
5083-SHIELD-IR-12P-3P6MM	5083 防護罩紅外線 12P 攝影機 - 5083 3.6mm	P0334	五芯線	1	啟用	固定料件	2026/07/14	2026/07/14
5083-SHIELD-IR-12P-3P6MM	5083 防護罩紅外線 12P 攝影機 - 5083 3.6mm	P0346	防護罩12燈紅外線燈板	1	啟用	固定料件	2026/07/14	2026/07/14
5083-SHIELD-IR-12P-3P6MM	5083 防護罩紅外線 12P 攝影機 - 5083 3.6mm	P0367	5083 3.6mm	1	啟用	選項模組/鏡頭	2026/07/14	2026/07/14
5083-SHIELD-IR-12P-3P6MM	5083 防護罩紅外線 12P 攝影機 - 5083 3.6mm	P0453	CY-007定位盒	1	啟用	固定料件	2026/07/14	2026/07/14
5083-SHIELD-IR-12P-4MM	5083 防護罩 紅外線 4mm	P0327	CY-007 防護罩槍體	1	啟用	固定料件	2026/07/16	2026/07/16
5083-SHIELD-IR-12P-4MM	5083 防護罩 紅外線 4mm	P0334	五芯線	1	啟用	固定料件	2026/07/16	2026/07/16
5083-SHIELD-IR-12P-4MM	5083 防護罩 紅外線 4mm	P0346	防護罩12燈紅外線燈板	1	啟用	固定料件	2026/07/16	2026/07/16
5083-SHIELD-IR-12P-4MM	5083 防護罩 紅外線 4mm	P0453	CY-007定位盒	1	啟用	固定料件	2026/07/16	2026/07/16
5083-SHIELD-IR-12P-4MM	5083 防護罩 紅外線 4mm	P0465	5083 4mm	1	啟用	選項模組/鏡頭	2026/07/16	2026/07/16
5083-SHIELD-IR-12P-6MM	5083 防護罩紅外線 12P 攝影機 - 5083 6mm	P0327	CY-007 防護罩槍體	1	啟用	固定料件	2026/07/14	2026/07/14
5083-SHIELD-IR-12P-6MM	5083 防護罩紅外線 12P 攝影機 - 5083 6mm	P0334	五芯線	1	啟用	固定料件	2026/07/14	2026/07/14
5083-SHIELD-IR-12P-6MM	5083 防護罩紅外線 12P 攝影機 - 5083 6mm	P0346	防護罩12燈紅外線燈板	1	啟用	固定料件	2026/07/14	2026/07/14
5083-SHIELD-IR-12P-6MM	5083 防護罩紅外線 12P 攝影機 - 5083 6mm	P0368	5083 6mm	1	啟用	選項模組/鏡頭	2026/07/14	2026/07/14
5083-SHIELD-IR-12P-6MM	5083 防護罩紅外線 12P 攝影機 - 5083 6mm	P0453	CY-007定位盒	1	啟用	固定料件	2026/07/14	2026/07/14
5083-SHIELD-IR-12P-8MM	5083 防護罩紅外線 12P 攝影機 - 5083 8mm	P0327	CY-007 防護罩槍體	1	啟用	固定料件	2026/07/14	2026/07/14
5083-SHIELD-IR-12P-8MM	5083 防護罩紅外線 12P 攝影機 - 5083 8mm	P0334	五芯線	1	啟用	固定料件	2026/07/14	2026/07/14
5083-SHIELD-IR-12P-8MM	5083 防護罩紅外線 12P 攝影機 - 5083 8mm	P0346	防護罩12燈紅外線燈板	1	啟用	固定料件	2026/07/14	2026/07/14
5083-SHIELD-IR-12P-8MM	5083 防護罩紅外線 12P 攝影機 - 5083 8mm	P0369	5083 8mm	1	啟用	選項模組/鏡頭	2026/07/14	2026/07/14
5083-SHIELD-IR-12P-8MM	5083 防護罩紅外線 12P 攝影機 - 5083 8mm	P0453	CY-007定位盒	1	啟用	固定料件	2026/07/14	2026/07/14
5083-TOPSMOKE-IR-2P5MM	5083 5MP 頂煙型 紅外線 2.5mm	P0462	暫時材料	1	啟用	暫時材料/待確認料件	2026/07/16	2026/07/16
SONY307-DOME-WIDE1P8-2MP-IR-8P-1P8MM	超廣角1.8MM 兩百萬半球形紅外線 8P 攝影機 - Sony307 1.8mm	P0324	CY-005 銀色球蓋	1	啟用	固定料件	2026/07/14	2026/07/14
SONY307-DOME-WIDE1P8-2MP-IR-8P-1P8MM	超廣角1.8MM 兩百萬半球形紅外線 8P 攝影機 - Sony307 1.8mm	P0336	指撥線	1	啟用	固定料件	2026/07/14	2026/07/14
SONY307-DOME-WIDE1P8-2MP-IR-8P-1P8MM	超廣角1.8MM 兩百萬半球形紅外線 8P 攝影機 - Sony307 1.8mm	P0388	Sony 307 1.8mm	1	啟用	選項模組/鏡頭	2026/07/14	2026/07/14
SONY307-DOME-WIDE1P8-2MP-IR-8P-1P8MM	超廣角1.8MM 兩百萬半球形紅外線 8P 攝影機 - Sony307 1.8mm	P0451	CY-005 超廣角1.8MM專用球體	1	啟用	固定料件	2026/07/14	2026/07/14
SONY307-DOME-WIDE1P8-SPECIAL-2MP-IR-8P-1P8MM	超廣角1.8MM專用 兩百萬半球形紅外線 8P 攝影機 - Sony307 1.8mm	P0324	CY-005 銀色球蓋	1	啟用	固定料件	2026/07/14	2026/07/14
SONY307-DOME-WIDE1P8-SPECIAL-2MP-IR-8P-1P8MM	超廣角1.8MM專用 兩百萬半球形紅外線 8P 攝影機 - Sony307 1.8mm	P0336	指撥線	1	啟用	固定料件	2026/07/14	2026/07/14
SONY307-DOME-WIDE1P8-SPECIAL-2MP-IR-8P-1P8MM	超廣角1.8MM專用 兩百萬半球形紅外線 8P 攝影機 - Sony307 1.8mm	P0388	Sony 307 1.8mm	1	啟用	選項模組/鏡頭	2026/07/14	2026/07/14
SONY307-DOME-WIDE1P8-SPECIAL-2MP-IR-8P-1P8MM	超廣角1.8MM專用 兩百萬半球形紅外線 8P 攝影機 - Sony307 1.8mm	P0451	CY-005 超廣角1.8MM專用球體	1	啟用	固定料件	2026/07/14	2026/07/14
SONY307-VANDAL-DOME-2P8-12MM	防爆半球 Sony 307-2441 2.8-12mm	P0459	Sony 307 2.8~12mm	1	啟用	選項模組/鏡頭	2026/07/16	2026/07/16
SONY307-VANDAL-DOME-2P8-12MM	防爆半球 Sony 307-2441 2.8-12mm	P0462	暫時材料	1	啟用	暫時材料/待確認料件	2026/07/16	2026/07/16
SONY307-DOME-IR-18P-2P8MM	Sony307 半球形紅外線 18P 攝影機 - Sony307 2.8mm	P0312	CY-002 303光面半球 球體	1	啟用	固定料件	2026/07/14	2026/07/14
SONY307-DOME-IR-18P-2P8MM	Sony307 半球形紅外線 18P 攝影機 - Sony307 2.8mm	P0313	CY-002 303光面半球 圓形玻璃	1	啟用	固定料件	2026/07/14	2026/07/14
SONY307-DOME-IR-18P-2P8MM	Sony307 半球形紅外線 18P 攝影機 - Sony307 2.8mm	P0336	指撥線	1	啟用	固定料件	2026/07/14	2026/07/14
SONY307-DOME-IR-18P-2P8MM	Sony307 半球形紅外線 18P 攝影機 - Sony307 2.8mm	P0350	18燈紅外線燈板	1	啟用	固定料件	2026/07/14	2026/07/14
SONY307-DOME-IR-18P-2P8MM	Sony307 半球形紅外線 18P 攝影機 - Sony307 2.8mm	P0389	Sony 307 2.8mm	1	啟用	選項模組/鏡頭	2026/07/14	2026/07/14
SONY307-DOME-IR-18P-3P6MM	Sony307 半球形紅外線 18P 攝影機 - Sony307 3.6mm	P0312	CY-002 303光面半球 球體	1	啟用	固定料件	2026/07/14	2026/07/14
SONY307-DOME-IR-18P-3P6MM	Sony307 半球形紅外線 18P 攝影機 - Sony307 3.6mm	P0313	CY-002 303光面半球 圓形玻璃	1	啟用	固定料件	2026/07/14	2026/07/14
SONY307-DOME-IR-18P-3P6MM	Sony307 半球形紅外線 18P 攝影機 - Sony307 3.6mm	P0336	指撥線	1	啟用	固定料件	2026/07/14	2026/07/14
SONY307-DOME-IR-18P-3P6MM	Sony307 半球形紅外線 18P 攝影機 - Sony307 3.6mm	P0350	18燈紅外線燈板	1	啟用	固定料件	2026/07/14	2026/07/14
SONY307-DOME-IR-18P-3P6MM	Sony307 半球形紅外線 18P 攝影機 - Sony307 3.6mm	P0390	Sony 307 3.6mm	1	啟用	選項模組/鏡頭	2026/07/14	2026/07/14
SONY307-DOME-IR-18P-6MM	Sony307 半球形紅外線 18P 攝影機 - Sony307 6mm	P0312	CY-002 303光面半球 球體	1	啟用	固定料件	2026/07/14	2026/07/14
SONY307-DOME-IR-18P-6MM	Sony307 半球形紅外線 18P 攝影機 - Sony307 6mm	P0313	CY-002 303光面半球 圓形玻璃	1	啟用	固定料件	2026/07/14	2026/07/14
SONY307-DOME-IR-18P-6MM	Sony307 半球形紅外線 18P 攝影機 - Sony307 6mm	P0336	指撥線	1	啟用	固定料件	2026/07/14	2026/07/14
SONY307-DOME-IR-18P-6MM	Sony307 半球形紅外線 18P 攝影機 - Sony307 6mm	P0350	18燈紅外線燈板	1	啟用	固定料件	2026/07/14	2026/07/14
SONY307-DOME-IR-18P-6MM	Sony307 半球形紅外線 18P 攝影機 - Sony307 6mm	P0391	Sony 307 6mm	1	啟用	選項模組/鏡頭	2026/07/14	2026/07/14
SONY307-DOME-IR-18P-8MM	Sony307 半球形紅外線 18P 攝影機 - Sony307 8mm	P0312	CY-002 303光面半球 球體	1	啟用	固定料件	2026/07/14	2026/07/14
SONY307-DOME-IR-18P-8MM	Sony307 半球形紅外線 18P 攝影機 - Sony307 8mm	P0313	CY-002 303光面半球 圓形玻璃	1	啟用	固定料件	2026/07/14	2026/07/14
SONY307-DOME-IR-18P-8MM	Sony307 半球形紅外線 18P 攝影機 - Sony307 8mm	P0336	指撥線	1	啟用	固定料件	2026/07/14	2026/07/14
SONY307-DOME-IR-18P-8MM	Sony307 半球形紅外線 18P 攝影機 - Sony307 8mm	P0350	18燈紅外線燈板	1	啟用	固定料件	2026/07/14	2026/07/14
SONY307-DOME-IR-18P-8MM	Sony307 半球形紅外線 18P 攝影機 - Sony307 8mm	P0392	Sony 307 8mm	1	啟用	選項模組/鏡頭	2026/07/14	2026/07/14
SONY307-BULLET-WIDE1P8-2MP-IR-8P-1P8MM	超廣角1.8MM 兩百萬槍型紅外線 8P 攝影機 - Sony307 1.8mm	P0320	CY-004 玻璃	1	啟用	固定料件	2026/07/14	2026/07/14
SONY307-BULLET-WIDE1P8-2MP-IR-8P-1P8MM	超廣角1.8MM 兩百萬槍型紅外線 8P 攝影機 - Sony307 1.8mm	P0321	CY-004 前蓋圓環	1	啟用	固定料件	2026/07/14	2026/07/14
SONY307-BULLET-WIDE1P8-2MP-IR-8P-1P8MM	超廣角1.8MM 兩百萬槍型紅外線 8P 攝影機 - Sony307 1.8mm	P0322	CY-004 防雨罩	1	啟用	固定料件	2026/07/14	2026/07/14
SONY307-BULLET-WIDE1P8-2MP-IR-8P-1P8MM	超廣角1.8MM 兩百萬槍型紅外線 8P 攝影機 - Sony307 1.8mm	P0337	指撥線帶螺紋	1	啟用	固定料件	2026/07/14	2026/07/14
SONY307-BULLET-WIDE1P8-2MP-IR-8P-1P8MM	超廣角1.8MM 兩百萬槍型紅外線 8P 攝影機 - Sony307 1.8mm	P0341	8燈紅外線燈板	1	啟用	固定料件	2026/07/14	2026/07/14
SONY307-BULLET-WIDE1P8-2MP-IR-8P-1P8MM	超廣角1.8MM 兩百萬槍型紅外線 8P 攝影機 - Sony307 1.8mm	P0388	Sony 307 1.8mm	1	啟用	選項模組/鏡頭	2026/07/14	2026/07/14
SONY307-BULLET-WIDE1P8-2MP-IR-8P-1P8MM	超廣角1.8MM 兩百萬槍型紅外線 8P 攝影機 - Sony307 1.8mm	P0450	CY-004 超廣角1.8MM專用槍體	1	啟用	固定料件	2026/07/14	2026/07/14
SONY307-BULLET-IR-8P-2P8MM	Sony307 槍型紅外線 8P 攝影機 - Sony307 2.8mm	P0305	CY-001 槍體 白	1	啟用	固定料件	2026/07/14	2026/07/14
SONY307-BULLET-IR-8P-2P8MM	Sony307 槍型紅外線 8P 攝影機 - Sony307 2.8mm	P0306	CY-001 前蓋玻璃 白	1	啟用	固定料件	2026/07/14	2026/07/14
SONY307-BULLET-IR-8P-2P8MM	Sony307 槍型紅外線 8P 攝影機 - Sony307 2.8mm	P0307	CY-001 防雨罩 白	1	啟用	固定料件	2026/07/14	2026/07/14
SONY307-BULLET-IR-8P-2P8MM	Sony307 槍型紅外線 8P 攝影機 - Sony307 2.8mm	P0337	指撥線帶螺紋	1	啟用	固定料件	2026/07/14	2026/07/14
SONY307-BULLET-IR-8P-2P8MM	Sony307 槍型紅外線 8P 攝影機 - Sony307 2.8mm	P0341	8燈紅外線燈板	1	啟用	固定料件	2026/07/14	2026/07/14
SONY307-BULLET-IR-8P-2P8MM	Sony307 槍型紅外線 8P 攝影機 - Sony307 2.8mm	P0389	Sony 307 2.8mm	1	啟用	選項模組/鏡頭	2026/07/14	2026/07/14
SONY307-BULLET-IR-8P-3P6MM	Sony307 槍型紅外線 8P 攝影機 - Sony307 3.6mm	P0305	CY-001 槍體 白	1	啟用	固定料件	2026/07/14	2026/07/14
SONY307-BULLET-IR-8P-3P6MM	Sony307 槍型紅外線 8P 攝影機 - Sony307 3.6mm	P0306	CY-001 前蓋玻璃 白	1	啟用	固定料件	2026/07/14	2026/07/14
SONY307-BULLET-IR-8P-3P6MM	Sony307 槍型紅外線 8P 攝影機 - Sony307 3.6mm	P0307	CY-001 防雨罩 白	1	啟用	固定料件	2026/07/14	2026/07/14
SONY307-BULLET-IR-8P-3P6MM	Sony307 槍型紅外線 8P 攝影機 - Sony307 3.6mm	P0337	指撥線帶螺紋	1	啟用	固定料件	2026/07/14	2026/07/14
SONY307-BULLET-IR-8P-3P6MM	Sony307 槍型紅外線 8P 攝影機 - Sony307 3.6mm	P0341	8燈紅外線燈板	1	啟用	固定料件	2026/07/14	2026/07/14
SONY307-BULLET-IR-8P-3P6MM	Sony307 槍型紅外線 8P 攝影機 - Sony307 3.6mm	P0390	Sony 307 3.6mm	1	啟用	選項模組/鏡頭	2026/07/14	2026/07/14
SONY307-BULLET-IR-8P-6MM	Sony307 槍型紅外線 8P 攝影機 - Sony307 6mm	P0305	CY-001 槍體 白	1	啟用	固定料件	2026/07/14	2026/07/14
SONY307-BULLET-IR-8P-6MM	Sony307 槍型紅外線 8P 攝影機 - Sony307 6mm	P0306	CY-001 前蓋玻璃 白	1	啟用	固定料件	2026/07/14	2026/07/14
SONY307-BULLET-IR-8P-6MM	Sony307 槍型紅外線 8P 攝影機 - Sony307 6mm	P0307	CY-001 防雨罩 白	1	啟用	固定料件	2026/07/14	2026/07/14
SONY307-BULLET-IR-8P-6MM	Sony307 槍型紅外線 8P 攝影機 - Sony307 6mm	P0337	指撥線帶螺紋	1	啟用	固定料件	2026/07/14	2026/07/14
SONY307-BULLET-IR-8P-6MM	Sony307 槍型紅外線 8P 攝影機 - Sony307 6mm	P0341	8燈紅外線燈板	1	啟用	固定料件	2026/07/14	2026/07/14
SONY307-BULLET-IR-8P-6MM	Sony307 槍型紅外線 8P 攝影機 - Sony307 6mm	P0391	Sony 307 6mm	1	啟用	選項模組/鏡頭	2026/07/14	2026/07/14
SONY307-BULLET-IR-8P-8MM	Sony307 槍型紅外線 8P 攝影機 - Sony307 8mm	P0305	CY-001 槍體 白	1	啟用	固定料件	2026/07/14	2026/07/14
SONY307-BULLET-IR-8P-8MM	Sony307 槍型紅外線 8P 攝影機 - Sony307 8mm	P0306	CY-001 前蓋玻璃 白	1	啟用	固定料件	2026/07/14	2026/07/14
SONY307-BULLET-IR-8P-8MM	Sony307 槍型紅外線 8P 攝影機 - Sony307 8mm	P0307	CY-001 防雨罩 白	1	啟用	固定料件	2026/07/14	2026/07/14
SONY307-BULLET-IR-8P-8MM	Sony307 槍型紅外線 8P 攝影機 - Sony307 8mm	P0337	指撥線帶螺紋	1	啟用	固定料件	2026/07/14	2026/07/14
SONY307-BULLET-IR-8P-8MM	Sony307 槍型紅外線 8P 攝影機 - Sony307 8mm	P0341	8燈紅外線燈板	1	啟用	固定料件	2026/07/14	2026/07/14
SONY307-BULLET-IR-8P-8MM	Sony307 槍型紅外線 8P 攝影機 - Sony307 8mm	P0392	Sony 307 8mm	1	啟用	選項模組/鏡頭	2026/07/14	2026/07/14
SONY307-SHIELD-IR-12P-2P7-13MM	Sony307 200萬防護罩紅外線 12P 攝影機 - Sony307 2.7-13mm	P0327	CY-007 防護罩槍體	1	啟用	固定料件	2026/07/15	2026/07/15
SONY307-SHIELD-IR-12P-2P7-13MM	Sony307 200萬防護罩紅外線 12P 攝影機 - Sony307 2.7-13mm	P0336	指撥線	1	啟用	固定料件	2026/07/15	2026/07/15
SONY307-SHIELD-IR-12P-2P7-13MM	Sony307 200萬防護罩紅外線 12P 攝影機 - Sony307 2.7-13mm	P0346	防護罩12燈紅外線燈板	1	啟用	固定料件	2026/07/15	2026/07/15
SONY307-SHIELD-IR-12P-2P7-13MM	Sony307 200萬防護罩紅外線 12P 攝影機 - Sony307 2.7-13mm	P0453	CY-007定位盒	1	啟用	固定料件	2026/07/15	2026/07/15
SONY307-SHIELD-IR-12P-2P7-13MM	Sony307 200萬防護罩紅外線 12P 攝影機 - Sony307 2.7-13mm	P0458	Sony 307 2.7-13mm	1	啟用	選項模組/鏡頭	2026/07/15	2026/07/15
SONY307-SHIELD-IR-12P-2P8-12MM	Sony307 200萬防護罩紅外線 12P 攝影機 - Sony307 2.8-12mm	P0327	CY-007 防護罩槍體	1	啟用	固定料件	2026/07/15	2026/07/15
SONY307-SHIELD-IR-12P-2P8-12MM	Sony307 200萬防護罩紅外線 12P 攝影機 - Sony307 2.8-12mm	P0336	指撥線	1	啟用	固定料件	2026/07/15	2026/07/15
SONY307-SHIELD-IR-12P-2P8-12MM	Sony307 200萬防護罩紅外線 12P 攝影機 - Sony307 2.8-12mm	P0346	防護罩12燈紅外線燈板	1	啟用	固定料件	2026/07/15	2026/07/15
SONY307-SHIELD-IR-12P-2P8-12MM	Sony307 200萬防護罩紅外線 12P 攝影機 - Sony307 2.8-12mm	P0453	CY-007定位盒	1	啟用	固定料件	2026/07/15	2026/07/15
SONY307-SHIELD-IR-12P-2P8-12MM	Sony307 200萬防護罩紅外線 12P 攝影機 - Sony307 2.8-12mm	P0459	Sony 307 2.8~12mm	1	啟用	選項模組/鏡頭	2026/07/15	2026/07/15
SONY323-DOME-WIDE1P8-2MP-IR-8P-1P8MM	超廣角1.8MM 兩百萬半球形紅外線 8P 攝影機 - Sony323 1.8mm	P0324	CY-005 銀色球蓋	1	啟用	固定料件	2026/07/14	2026/07/14
SONY323-DOME-WIDE1P8-2MP-IR-8P-1P8MM	超廣角1.8MM 兩百萬半球形紅外線 8P 攝影機 - Sony323 1.8mm	P0336	指撥線	1	啟用	固定料件	2026/07/14	2026/07/14
SONY323-DOME-WIDE1P8-2MP-IR-8P-1P8MM	超廣角1.8MM 兩百萬半球形紅外線 8P 攝影機 - Sony323 1.8mm	P0394	Sony 323 1.8mm	1	啟用	選項模組/鏡頭	2026/07/14	2026/07/14
SONY323-DOME-WIDE1P8-2MP-IR-8P-1P8MM	超廣角1.8MM 兩百萬半球形紅外線 8P 攝影機 - Sony323 1.8mm	P0451	CY-005 超廣角1.8MM專用球體	1	啟用	固定料件	2026/07/14	2026/07/14
SONY323-DOME-WIDE1P8-SPECIAL-2MP-IR-8P-1P8MM	超廣角1.8MM專用 兩百萬半球形紅外線 8P 攝影機 - Sony323 1.8mm	P0324	CY-005 銀色球蓋	1	啟用	固定料件	2026/07/14	2026/07/14
SONY323-DOME-WIDE1P8-SPECIAL-2MP-IR-8P-1P8MM	超廣角1.8MM專用 兩百萬半球形紅外線 8P 攝影機 - Sony323 1.8mm	P0336	指撥線	1	啟用	固定料件	2026/07/14	2026/07/14
SONY323-DOME-WIDE1P8-SPECIAL-2MP-IR-8P-1P8MM	超廣角1.8MM專用 兩百萬半球形紅外線 8P 攝影機 - Sony323 1.8mm	P0394	Sony 323 1.8mm	1	啟用	選項模組/鏡頭	2026/07/14	2026/07/14
SONY323-DOME-WIDE1P8-SPECIAL-2MP-IR-8P-1P8MM	超廣角1.8MM專用 兩百萬半球形紅外線 8P 攝影機 - Sony323 1.8mm	P0451	CY-005 超廣角1.8MM專用球體	1	啟用	固定料件	2026/07/14	2026/07/14
SONY323-DOME-IR-18P-2P8MM	Sony323 半球形紅外線 18P 攝影機 - Sony323 2.8mm	P0312	CY-002 303光面半球 球體	1	啟用	固定料件	2026/07/14	2026/07/14
SONY323-DOME-IR-18P-2P8MM	Sony323 半球形紅外線 18P 攝影機 - Sony323 2.8mm	P0313	CY-002 303光面半球 圓形玻璃	1	啟用	固定料件	2026/07/14	2026/07/14
SONY323-DOME-IR-18P-2P8MM	Sony323 半球形紅外線 18P 攝影機 - Sony323 2.8mm	P0336	指撥線	1	啟用	固定料件	2026/07/14	2026/07/14
SONY323-DOME-IR-18P-2P8MM	Sony323 半球形紅外線 18P 攝影機 - Sony323 2.8mm	P0350	18燈紅外線燈板	1	啟用	固定料件	2026/07/14	2026/07/14
SONY323-DOME-IR-18P-2P8MM	Sony323 半球形紅外線 18P 攝影機 - Sony323 2.8mm	P0395	Sony 323 2.8mm	1	啟用	選項模組/鏡頭	2026/07/14	2026/07/14
SONY323-DOME-IR-18P-3P6MM	Sony323 半球形紅外線 18P 攝影機 - Sony323 3.6mm	P0312	CY-002 303光面半球 球體	1	啟用	固定料件	2026/07/14	2026/07/14
SONY323-DOME-IR-18P-3P6MM	Sony323 半球形紅外線 18P 攝影機 - Sony323 3.6mm	P0313	CY-002 303光面半球 圓形玻璃	1	啟用	固定料件	2026/07/14	2026/07/14
SONY323-DOME-IR-18P-3P6MM	Sony323 半球形紅外線 18P 攝影機 - Sony323 3.6mm	P0336	指撥線	1	啟用	固定料件	2026/07/14	2026/07/14
SONY323-DOME-IR-18P-3P6MM	Sony323 半球形紅外線 18P 攝影機 - Sony323 3.6mm	P0350	18燈紅外線燈板	1	啟用	固定料件	2026/07/14	2026/07/14
SONY323-DOME-IR-18P-3P6MM	Sony323 半球形紅外線 18P 攝影機 - Sony323 3.6mm	P0396	Sony 323 3.6mm	1	啟用	選項模組/鏡頭	2026/07/14	2026/07/14
SONY323-DOME-IR-18P-6MM	Sony323 半球形紅外線 18P 攝影機 - Sony323 6mm	P0312	CY-002 303光面半球 球體	1	啟用	固定料件	2026/07/14	2026/07/14
SONY323-DOME-IR-18P-6MM	Sony323 半球形紅外線 18P 攝影機 - Sony323 6mm	P0313	CY-002 303光面半球 圓形玻璃	1	啟用	固定料件	2026/07/14	2026/07/14
SONY323-DOME-IR-18P-6MM	Sony323 半球形紅外線 18P 攝影機 - Sony323 6mm	P0336	指撥線	1	啟用	固定料件	2026/07/14	2026/07/14
SONY323-DOME-IR-18P-6MM	Sony323 半球形紅外線 18P 攝影機 - Sony323 6mm	P0350	18燈紅外線燈板	1	啟用	固定料件	2026/07/14	2026/07/14
SONY323-DOME-IR-18P-6MM	Sony323 半球形紅外線 18P 攝影機 - Sony323 6mm	P0397	Sony 323 6mm	1	啟用	選項模組/鏡頭	2026/07/14	2026/07/14
SONY323-DOME-IR-18P-8MM	Sony323 半球形紅外線 18P 攝影機 - Sony323 8mm	P0312	CY-002 303光面半球 球體	1	啟用	固定料件	2026/07/14	2026/07/14
SONY323-DOME-IR-18P-8MM	Sony323 半球形紅外線 18P 攝影機 - Sony323 8mm	P0313	CY-002 303光面半球 圓形玻璃	1	啟用	固定料件	2026/07/14	2026/07/14
SONY323-DOME-IR-18P-8MM	Sony323 半球形紅外線 18P 攝影機 - Sony323 8mm	P0336	指撥線	1	啟用	固定料件	2026/07/14	2026/07/14
SONY323-DOME-IR-18P-8MM	Sony323 半球形紅外線 18P 攝影機 - Sony323 8mm	P0350	18燈紅外線燈板	1	啟用	固定料件	2026/07/14	2026/07/14
SONY323-DOME-IR-18P-8MM	Sony323 半球形紅外線 18P 攝影機 - Sony323 8mm	P0398	Sony 323 8mm	1	啟用	選項模組/鏡頭	2026/07/14	2026/07/14
SONY323-BULLET-WIDE1P8-2MP-IR-8P-1P8MM	超廣角1.8MM 兩百萬槍型紅外線 8P 攝影機 - Sony323 1.8mm	P0320	CY-004 玻璃	1	啟用	固定料件	2026/07/14	2026/07/14
SONY323-BULLET-WIDE1P8-2MP-IR-8P-1P8MM	超廣角1.8MM 兩百萬槍型紅外線 8P 攝影機 - Sony323 1.8mm	P0321	CY-004 前蓋圓環	1	啟用	固定料件	2026/07/14	2026/07/14
SONY323-BULLET-WIDE1P8-2MP-IR-8P-1P8MM	超廣角1.8MM 兩百萬槍型紅外線 8P 攝影機 - Sony323 1.8mm	P0322	CY-004 防雨罩	1	啟用	固定料件	2026/07/14	2026/07/14
SONY323-BULLET-WIDE1P8-2MP-IR-8P-1P8MM	超廣角1.8MM 兩百萬槍型紅外線 8P 攝影機 - Sony323 1.8mm	P0337	指撥線帶螺紋	1	啟用	固定料件	2026/07/14	2026/07/14
SONY323-BULLET-WIDE1P8-2MP-IR-8P-1P8MM	超廣角1.8MM 兩百萬槍型紅外線 8P 攝影機 - Sony323 1.8mm	P0341	8燈紅外線燈板	1	啟用	固定料件	2026/07/14	2026/07/14
SONY323-BULLET-WIDE1P8-2MP-IR-8P-1P8MM	超廣角1.8MM 兩百萬槍型紅外線 8P 攝影機 - Sony323 1.8mm	P0394	Sony 323 1.8mm	1	啟用	選項模組/鏡頭	2026/07/14	2026/07/14
SONY323-BULLET-WIDE1P8-2MP-IR-8P-1P8MM	超廣角1.8MM 兩百萬槍型紅外線 8P 攝影機 - Sony323 1.8mm	P0450	CY-004 超廣角1.8MM專用槍體	1	啟用	固定料件	2026/07/14	2026/07/14
SONY323-BULLET-IR-6P-2P8MM	Sony 323 槍型 紅外線 6P 2.8mm	P0305	CY-001 槍體 白	1	啟用	固定料件	2026/07/16	2026/07/16
SONY323-BULLET-IR-6P-2P8MM	Sony 323 槍型 紅外線 6P 2.8mm	P0306	CY-001 前蓋玻璃 白	1	啟用	固定料件	2026/07/16	2026/07/16
SONY323-BULLET-IR-6P-2P8MM	Sony 323 槍型 紅外線 6P 2.8mm	P0307	CY-001 防雨罩 白	1	啟用	固定料件	2026/07/16	2026/07/16
SONY323-BULLET-IR-6P-2P8MM	Sony 323 槍型 紅外線 6P 2.8mm	P0337	指撥線帶螺紋	1	啟用	固定料件	2026/07/16	2026/07/16
SONY323-BULLET-IR-6P-2P8MM	Sony 323 槍型 紅外線 6P 2.8mm	P0339	6燈紅外線燈板	1	啟用	固定料件	2026/07/16	2026/07/16
SONY323-BULLET-IR-6P-2P8MM	Sony 323 槍型 紅外線 6P 2.8mm	P0395	Sony 323 2.8mm	1	啟用	選項模組/鏡頭	2026/07/16	2026/07/16
SONY323-BULLET-IR-8P-2P8MM	Sony323 槍型紅外線 8P 攝影機 - Sony323 2.8mm	P0305	CY-001 槍體 白	1	啟用	固定料件	2026/07/14	2026/07/14
SONY323-BULLET-IR-8P-2P8MM	Sony323 槍型紅外線 8P 攝影機 - Sony323 2.8mm	P0306	CY-001 前蓋玻璃 白	1	啟用	固定料件	2026/07/14	2026/07/14
SONY323-BULLET-IR-8P-2P8MM	Sony323 槍型紅外線 8P 攝影機 - Sony323 2.8mm	P0307	CY-001 防雨罩 白	1	啟用	固定料件	2026/07/14	2026/07/14
SONY323-BULLET-IR-8P-2P8MM	Sony323 槍型紅外線 8P 攝影機 - Sony323 2.8mm	P0337	指撥線帶螺紋	1	啟用	固定料件	2026/07/14	2026/07/14
SONY323-BULLET-IR-8P-2P8MM	Sony323 槍型紅外線 8P 攝影機 - Sony323 2.8mm	P0341	8燈紅外線燈板	1	啟用	固定料件	2026/07/14	2026/07/14
SONY323-BULLET-IR-8P-2P8MM	Sony323 槍型紅外線 8P 攝影機 - Sony323 2.8mm	P0395	Sony 323 2.8mm	1	啟用	選項模組/鏡頭	2026/07/14	2026/07/14
SONY323-BULLET-IR-6P-3P6MM	Sony 323 槍型 紅外線 6P 3.6mm	P0305	CY-001 槍體 白	1	啟用	固定料件	2026/07/16	2026/07/16
SONY323-BULLET-IR-6P-3P6MM	Sony 323 槍型 紅外線 6P 3.6mm	P0306	CY-001 前蓋玻璃 白	1	啟用	固定料件	2026/07/16	2026/07/16
SONY323-BULLET-IR-6P-3P6MM	Sony 323 槍型 紅外線 6P 3.6mm	P0307	CY-001 防雨罩 白	1	啟用	固定料件	2026/07/16	2026/07/16
SONY323-BULLET-IR-6P-3P6MM	Sony 323 槍型 紅外線 6P 3.6mm	P0337	指撥線帶螺紋	1	啟用	固定料件	2026/07/16	2026/07/16
SONY323-BULLET-IR-6P-3P6MM	Sony 323 槍型 紅外線 6P 3.6mm	P0339	6燈紅外線燈板	1	啟用	固定料件	2026/07/16	2026/07/16
SONY323-BULLET-IR-6P-3P6MM	Sony 323 槍型 紅外線 6P 3.6mm	P0396	Sony 323 3.6mm	1	啟用	選項模組/鏡頭	2026/07/16	2026/07/16
SONY323-BULLET-IR-8P-3P6MM	Sony323 槍型紅外線 8P 攝影機 - Sony323 3.6mm	P0305	CY-001 槍體 白	1	啟用	固定料件	2026/07/14	2026/07/14
SONY323-BULLET-IR-8P-3P6MM	Sony323 槍型紅外線 8P 攝影機 - Sony323 3.6mm	P0306	CY-001 前蓋玻璃 白	1	啟用	固定料件	2026/07/14	2026/07/14
SONY323-BULLET-IR-8P-3P6MM	Sony323 槍型紅外線 8P 攝影機 - Sony323 3.6mm	P0307	CY-001 防雨罩 白	1	啟用	固定料件	2026/07/14	2026/07/14
SONY323-BULLET-IR-8P-3P6MM	Sony323 槍型紅外線 8P 攝影機 - Sony323 3.6mm	P0337	指撥線帶螺紋	1	啟用	固定料件	2026/07/14	2026/07/14
SONY323-BULLET-IR-8P-3P6MM	Sony323 槍型紅外線 8P 攝影機 - Sony323 3.6mm	P0341	8燈紅外線燈板	1	啟用	固定料件	2026/07/14	2026/07/14
SONY323-BULLET-IR-8P-3P6MM	Sony323 槍型紅外線 8P 攝影機 - Sony323 3.6mm	P0396	Sony 323 3.6mm	1	啟用	選項模組/鏡頭	2026/07/14	2026/07/14
SONY323-BULLET-IR-6P-6MM	Sony 323 槍型 紅外線 6P 6mm	P0305	CY-001 槍體 白	1	啟用	固定料件	2026/07/16	2026/07/16
SONY323-BULLET-IR-6P-6MM	Sony 323 槍型 紅外線 6P 6mm	P0306	CY-001 前蓋玻璃 白	1	啟用	固定料件	2026/07/16	2026/07/16
SONY323-BULLET-IR-6P-6MM	Sony 323 槍型 紅外線 6P 6mm	P0307	CY-001 防雨罩 白	1	啟用	固定料件	2026/07/16	2026/07/16
SONY323-BULLET-IR-6P-6MM	Sony 323 槍型 紅外線 6P 6mm	P0337	指撥線帶螺紋	1	啟用	固定料件	2026/07/16	2026/07/16
SONY323-BULLET-IR-6P-6MM	Sony 323 槍型 紅外線 6P 6mm	P0339	6燈紅外線燈板	1	啟用	固定料件	2026/07/16	2026/07/16
SONY323-BULLET-IR-6P-6MM	Sony 323 槍型 紅外線 6P 6mm	P0397	Sony 323 6mm	1	啟用	選項模組/鏡頭	2026/07/16	2026/07/16
SONY323-BULLET-IR-8P-6MM	Sony323 槍型紅外線 8P 攝影機 - Sony323 6mm	P0305	CY-001 槍體 白	1	啟用	固定料件	2026/07/14	2026/07/14
SONY323-BULLET-IR-8P-6MM	Sony323 槍型紅外線 8P 攝影機 - Sony323 6mm	P0306	CY-001 前蓋玻璃 白	1	啟用	固定料件	2026/07/14	2026/07/14
SONY323-BULLET-IR-8P-6MM	Sony323 槍型紅外線 8P 攝影機 - Sony323 6mm	P0307	CY-001 防雨罩 白	1	啟用	固定料件	2026/07/14	2026/07/14
SONY323-BULLET-IR-8P-6MM	Sony323 槍型紅外線 8P 攝影機 - Sony323 6mm	P0337	指撥線帶螺紋	1	啟用	固定料件	2026/07/14	2026/07/14
SONY323-BULLET-IR-8P-6MM	Sony323 槍型紅外線 8P 攝影機 - Sony323 6mm	P0341	8燈紅外線燈板	1	啟用	固定料件	2026/07/14	2026/07/14
SONY323-BULLET-IR-8P-6MM	Sony323 槍型紅外線 8P 攝影機 - Sony323 6mm	P0397	Sony 323 6mm	1	啟用	選項模組/鏡頭	2026/07/14	2026/07/14
SONY323-BULLET-IR-6P-8MM	Sony 323 槍型 紅外線 6P 8mm	P0305	CY-001 槍體 白	1	啟用	固定料件	2026/07/16	2026/07/16
SONY323-BULLET-IR-6P-8MM	Sony 323 槍型 紅外線 6P 8mm	P0306	CY-001 前蓋玻璃 白	1	啟用	固定料件	2026/07/16	2026/07/16
SONY323-BULLET-IR-6P-8MM	Sony 323 槍型 紅外線 6P 8mm	P0307	CY-001 防雨罩 白	1	啟用	固定料件	2026/07/16	2026/07/16
SONY323-BULLET-IR-6P-8MM	Sony 323 槍型 紅外線 6P 8mm	P0337	指撥線帶螺紋	1	啟用	固定料件	2026/07/16	2026/07/16
SONY323-BULLET-IR-6P-8MM	Sony 323 槍型 紅外線 6P 8mm	P0339	6燈紅外線燈板	1	啟用	固定料件	2026/07/16	2026/07/16
SONY323-BULLET-IR-6P-8MM	Sony 323 槍型 紅外線 6P 8mm	P0398	Sony 323 8mm	1	啟用	選項模組/鏡頭	2026/07/16	2026/07/16
SONY323-BULLET-IR-8P-8MM	Sony323 槍型紅外線 8P 攝影機 - Sony323 8mm	P0305	CY-001 槍體 白	1	啟用	固定料件	2026/07/14	2026/07/14
SONY323-BULLET-IR-8P-8MM	Sony323 槍型紅外線 8P 攝影機 - Sony323 8mm	P0306	CY-001 前蓋玻璃 白	1	啟用	固定料件	2026/07/14	2026/07/14
SONY323-BULLET-IR-8P-8MM	Sony323 槍型紅外線 8P 攝影機 - Sony323 8mm	P0307	CY-001 防雨罩 白	1	啟用	固定料件	2026/07/14	2026/07/14
SONY323-BULLET-IR-8P-8MM	Sony323 槍型紅外線 8P 攝影機 - Sony323 8mm	P0337	指撥線帶螺紋	1	啟用	固定料件	2026/07/14	2026/07/14
SONY323-BULLET-IR-8P-8MM	Sony323 槍型紅外線 8P 攝影機 - Sony323 8mm	P0341	8燈紅外線燈板	1	啟用	固定料件	2026/07/14	2026/07/14
SONY323-BULLET-IR-8P-8MM	Sony323 槍型紅外線 8P 攝影機 - Sony323 8mm	P0398	Sony 323 8mm	1	啟用	選項模組/鏡頭	2026/07/14	2026/07/14
SONY323-SHIELD-IR-12P-2P7-13MM	Sony323 200萬防護罩紅外線 12P 攝影機 - Sony323 2.7-13mm	P0327	CY-007 防護罩槍體	1	啟用	固定料件	2026/07/15	2026/07/15
SONY323-SHIELD-IR-12P-2P7-13MM	Sony323 200萬防護罩紅外線 12P 攝影機 - Sony323 2.7-13mm	P0336	指撥線	1	啟用	固定料件	2026/07/15	2026/07/15
SONY323-SHIELD-IR-12P-2P7-13MM	Sony323 200萬防護罩紅外線 12P 攝影機 - Sony323 2.7-13mm	P0346	防護罩12燈紅外線燈板	1	啟用	固定料件	2026/07/15	2026/07/15
SONY323-SHIELD-IR-12P-2P7-13MM	Sony323 200萬防護罩紅外線 12P 攝影機 - Sony323 2.7-13mm	P0453	CY-007定位盒	1	啟用	固定料件	2026/07/15	2026/07/15
SONY323-SHIELD-IR-12P-2P7-13MM	Sony323 200萬防護罩紅外線 12P 攝影機 - Sony323 2.7-13mm	P0460	Sony 323 2.7-13mm	1	啟用	選項模組/鏡頭	2026/07/15	2026/07/15
SONY323-SHIELD-IR-12P-2P8-12MM	Sony323 200萬防護罩紅外線 12P 攝影機 - Sony323 2.8-12mm	P0327	CY-007 防護罩槍體	1	啟用	固定料件	2026/07/15	2026/07/15
SONY323-SHIELD-IR-12P-2P8-12MM	Sony323 200萬防護罩紅外線 12P 攝影機 - Sony323 2.8-12mm	P0336	指撥線	1	啟用	固定料件	2026/07/15	2026/07/15
SONY323-SHIELD-IR-12P-2P8-12MM	Sony323 200萬防護罩紅外線 12P 攝影機 - Sony323 2.8-12mm	P0346	防護罩12燈紅外線燈板	1	啟用	固定料件	2026/07/15	2026/07/15
SONY323-SHIELD-IR-12P-2P8-12MM	Sony323 200萬防護罩紅外線 12P 攝影機 - Sony323 2.8-12mm	P0393	Sony 323 2.8~12mm	1	啟用	選項模組/鏡頭	2026/07/15	2026/07/15
SONY323-SHIELD-IR-12P-2P8-12MM	Sony323 200萬防護罩紅外線 12P 攝影機 - Sony323 2.8-12mm	P0453	CY-007定位盒	1	啟用	固定料件	2026/07/15	2026/07/15
SONY323-TOPSMOKE-IR-3P7MM	Sony 323 頂煙型 紅外線 3.7mm	P0462	暫時材料	1	啟用	暫時材料/待確認料件	2026/07/16	2026/07/16
SONY335-DOME-WIDE1P8-SPECIAL-5MP-IR-8P-1P8MM	超廣角1.8MM專用 五百萬半球形紅外線 8P 攝影機 - Sony335 1.8mm	P0324	CY-005 銀色球蓋	1	啟用	固定料件	2026/07/14	2026/07/14
SONY335-DOME-WIDE1P8-SPECIAL-5MP-IR-8P-1P8MM	超廣角1.8MM專用 五百萬半球形紅外線 8P 攝影機 - Sony335 1.8mm	P0334	五芯線	1	啟用	固定料件	2026/07/14	2026/07/14
SONY335-DOME-WIDE1P8-SPECIAL-5MP-IR-8P-1P8MM	超廣角1.8MM專用 五百萬半球形紅外線 8P 攝影機 - Sony335 1.8mm	P0400	Sony 335 1.8mm	1	啟用	選項模組/鏡頭	2026/07/14	2026/07/14
SONY335-DOME-WIDE1P8-SPECIAL-5MP-IR-8P-1P8MM	超廣角1.8MM專用 五百萬半球形紅外線 8P 攝影機 - Sony335 1.8mm	P0451	CY-005 超廣角1.8MM專用球體	1	啟用	固定料件	2026/07/14	2026/07/14
SONY335-DOME-IR-18P-2P8MM	Sony335 半球形紅外線 18P 攝影機 - Sony335 2.8mm	P0312	CY-002 303光面半球 球體	1	啟用	固定料件	2026/07/14	2026/07/14
SONY335-DOME-IR-18P-2P8MM	Sony335 半球形紅外線 18P 攝影機 - Sony335 2.8mm	P0313	CY-002 303光面半球 圓形玻璃	1	啟用	固定料件	2026/07/14	2026/07/14
SONY335-DOME-IR-18P-2P8MM	Sony335 半球形紅外線 18P 攝影機 - Sony335 2.8mm	P0336	指撥線	1	啟用	固定料件	2026/07/14	2026/07/14
SONY335-DOME-IR-18P-2P8MM	Sony335 半球形紅外線 18P 攝影機 - Sony335 2.8mm	P0350	18燈紅外線燈板	1	啟用	固定料件	2026/07/14	2026/07/14
SONY335-DOME-IR-18P-2P8MM	Sony335 半球形紅外線 18P 攝影機 - Sony335 2.8mm	P0401	Sony 335 2.8mm	1	啟用	選項模組/鏡頭	2026/07/14	2026/07/14
SONY335-DOME-IR-18P-3P6MM	Sony335 半球形紅外線 18P 攝影機 - Sony335 3.6mm	P0312	CY-002 303光面半球 球體	1	啟用	固定料件	2026/07/14	2026/07/14
SONY335-DOME-IR-18P-3P6MM	Sony335 半球形紅外線 18P 攝影機 - Sony335 3.6mm	P0313	CY-002 303光面半球 圓形玻璃	1	啟用	固定料件	2026/07/14	2026/07/14
SONY335-DOME-IR-18P-3P6MM	Sony335 半球形紅外線 18P 攝影機 - Sony335 3.6mm	P0336	指撥線	1	啟用	固定料件	2026/07/14	2026/07/14
SONY335-DOME-IR-18P-3P6MM	Sony335 半球形紅外線 18P 攝影機 - Sony335 3.6mm	P0350	18燈紅外線燈板	1	啟用	固定料件	2026/07/14	2026/07/14
SONY335-DOME-IR-18P-3P6MM	Sony335 半球形紅外線 18P 攝影機 - Sony335 3.6mm	P0402	Sony 335 3.6mm	1	啟用	選項模組/鏡頭	2026/07/14	2026/07/14
SONY335-DOME-IR-18P-6MM	Sony335 半球形紅外線 18P 攝影機 - Sony335 6mm	P0312	CY-002 303光面半球 球體	1	啟用	固定料件	2026/07/14	2026/07/14
SONY335-DOME-IR-18P-6MM	Sony335 半球形紅外線 18P 攝影機 - Sony335 6mm	P0313	CY-002 303光面半球 圓形玻璃	1	啟用	固定料件	2026/07/14	2026/07/14
SONY335-DOME-IR-18P-6MM	Sony335 半球形紅外線 18P 攝影機 - Sony335 6mm	P0336	指撥線	1	啟用	固定料件	2026/07/14	2026/07/14
SONY335-DOME-IR-18P-6MM	Sony335 半球形紅外線 18P 攝影機 - Sony335 6mm	P0350	18燈紅外線燈板	1	啟用	固定料件	2026/07/14	2026/07/14
SONY335-DOME-IR-18P-6MM	Sony335 半球形紅外線 18P 攝影機 - Sony335 6mm	P0403	Sony 335 6mm	1	啟用	選項模組/鏡頭	2026/07/14	2026/07/14
SONY335-DOME-IR-18P-8MM	Sony335 半球形紅外線 18P 攝影機 - Sony335 8mm	P0312	CY-002 303光面半球 球體	1	啟用	固定料件	2026/07/14	2026/07/14
SONY335-DOME-IR-18P-8MM	Sony335 半球形紅外線 18P 攝影機 - Sony335 8mm	P0313	CY-002 303光面半球 圓形玻璃	1	啟用	固定料件	2026/07/14	2026/07/14
SONY335-DOME-IR-18P-8MM	Sony335 半球形紅外線 18P 攝影機 - Sony335 8mm	P0336	指撥線	1	啟用	固定料件	2026/07/14	2026/07/14
SONY335-DOME-IR-18P-8MM	Sony335 半球形紅外線 18P 攝影機 - Sony335 8mm	P0350	18燈紅外線燈板	1	啟用	固定料件	2026/07/14	2026/07/14
SONY335-DOME-IR-18P-8MM	Sony335 半球形紅外線 18P 攝影機 - Sony335 8mm	P0404	Sony 335 8mm	1	啟用	選項模組/鏡頭	2026/07/14	2026/07/14
SONY335-BULLET-WIDE1P8-5MP-IR-8P-1P8MM	超廣角1.8MM 五百萬槍型紅外線 8P 攝影機 - Sony335 1.8mm	P0320	CY-004 玻璃	1	啟用	固定料件	2026/07/14	2026/07/14
SONY335-BULLET-WIDE1P8-5MP-IR-8P-1P8MM	超廣角1.8MM 五百萬槍型紅外線 8P 攝影機 - Sony335 1.8mm	P0321	CY-004 前蓋圓環	1	啟用	固定料件	2026/07/14	2026/07/14
SONY335-BULLET-WIDE1P8-5MP-IR-8P-1P8MM	超廣角1.8MM 五百萬槍型紅外線 8P 攝影機 - Sony335 1.8mm	P0322	CY-004 防雨罩	1	啟用	固定料件	2026/07/14	2026/07/14
SONY335-BULLET-WIDE1P8-5MP-IR-8P-1P8MM	超廣角1.8MM 五百萬槍型紅外線 8P 攝影機 - Sony335 1.8mm	P0335	五芯線帶螺紋	1	啟用	固定料件	2026/07/14	2026/07/14
SONY335-BULLET-WIDE1P8-5MP-IR-8P-1P8MM	超廣角1.8MM 五百萬槍型紅外線 8P 攝影機 - Sony335 1.8mm	P0341	8燈紅外線燈板	1	啟用	固定料件	2026/07/14	2026/07/14
SONY335-BULLET-WIDE1P8-5MP-IR-8P-1P8MM	超廣角1.8MM 五百萬槍型紅外線 8P 攝影機 - Sony335 1.8mm	P0400	Sony 335 1.8mm	1	啟用	選項模組/鏡頭	2026/07/14	2026/07/14
SONY335-BULLET-WIDE1P8-5MP-IR-8P-1P8MM	超廣角1.8MM 五百萬槍型紅外線 8P 攝影機 - Sony335 1.8mm	P0450	CY-004 超廣角1.8MM專用槍體	1	啟用	固定料件	2026/07/14	2026/07/14
SONY335-BULLET-IR-8P-2P8MM	Sony335 槍型紅外線 8P 攝影機 - Sony335 2.8mm	P0305	CY-001 槍體 白	1	啟用	固定料件	2026/07/14	2026/07/14
SONY335-BULLET-IR-8P-2P8MM	Sony335 槍型紅外線 8P 攝影機 - Sony335 2.8mm	P0306	CY-001 前蓋玻璃 白	1	啟用	固定料件	2026/07/14	2026/07/14
SONY335-BULLET-IR-8P-2P8MM	Sony335 槍型紅外線 8P 攝影機 - Sony335 2.8mm	P0307	CY-001 防雨罩 白	1	啟用	固定料件	2026/07/14	2026/07/14
SONY335-BULLET-IR-8P-2P8MM	Sony335 槍型紅外線 8P 攝影機 - Sony335 2.8mm	P0337	指撥線帶螺紋	1	啟用	固定料件	2026/07/14	2026/07/14
SONY335-BULLET-IR-8P-2P8MM	Sony335 槍型紅外線 8P 攝影機 - Sony335 2.8mm	P0341	8燈紅外線燈板	1	啟用	固定料件	2026/07/14	2026/07/14
SONY335-BULLET-IR-8P-2P8MM	Sony335 槍型紅外線 8P 攝影機 - Sony335 2.8mm	P0401	Sony 335 2.8mm	1	啟用	選項模組/鏡頭	2026/07/14	2026/07/14
SONY335-BULLET-IR-6P-3P6MM	Sony 335 槍型 紅外線 6P 3.6mm	P0305	CY-001 槍體 白	1	啟用	固定料件	2026/07/16	2026/07/16
SONY335-BULLET-IR-6P-3P6MM	Sony 335 槍型 紅外線 6P 3.6mm	P0306	CY-001 前蓋玻璃 白	1	啟用	固定料件	2026/07/16	2026/07/16
SONY335-BULLET-IR-6P-3P6MM	Sony 335 槍型 紅外線 6P 3.6mm	P0307	CY-001 防雨罩 白	1	啟用	固定料件	2026/07/16	2026/07/16
SONY335-BULLET-IR-6P-3P6MM	Sony 335 槍型 紅外線 6P 3.6mm	P0337	指撥線帶螺紋	1	啟用	固定料件	2026/07/16	2026/07/16
SONY335-BULLET-IR-6P-3P6MM	Sony 335 槍型 紅外線 6P 3.6mm	P0339	6燈紅外線燈板	1	啟用	固定料件	2026/07/16	2026/07/16
SONY335-BULLET-IR-6P-3P6MM	Sony 335 槍型 紅外線 6P 3.6mm	P0402	Sony 335 3.6mm	1	啟用	選項模組/鏡頭	2026/07/16	2026/07/16
SONY335-BULLET-IR-8P-3P6MM	Sony335 槍型紅外線 8P 攝影機 - Sony335 3.6mm	P0305	CY-001 槍體 白	1	啟用	固定料件	2026/07/14	2026/07/14
SONY335-BULLET-IR-8P-3P6MM	Sony335 槍型紅外線 8P 攝影機 - Sony335 3.6mm	P0306	CY-001 前蓋玻璃 白	1	啟用	固定料件	2026/07/14	2026/07/14
SONY335-BULLET-IR-8P-3P6MM	Sony335 槍型紅外線 8P 攝影機 - Sony335 3.6mm	P0307	CY-001 防雨罩 白	1	啟用	固定料件	2026/07/14	2026/07/14
SONY335-BULLET-IR-8P-3P6MM	Sony335 槍型紅外線 8P 攝影機 - Sony335 3.6mm	P0337	指撥線帶螺紋	1	啟用	固定料件	2026/07/14	2026/07/14
SONY335-BULLET-IR-8P-3P6MM	Sony335 槍型紅外線 8P 攝影機 - Sony335 3.6mm	P0341	8燈紅外線燈板	1	啟用	固定料件	2026/07/14	2026/07/14
SONY335-BULLET-IR-8P-3P6MM	Sony335 槍型紅外線 8P 攝影機 - Sony335 3.6mm	P0402	Sony 335 3.6mm	1	啟用	選項模組/鏡頭	2026/07/14	2026/07/14
SONY335-BULLET-IR-8P-6MM	Sony335 槍型紅外線 8P 攝影機 - Sony335 6mm	P0305	CY-001 槍體 白	1	啟用	固定料件	2026/07/14	2026/07/14
SONY335-BULLET-IR-8P-6MM	Sony335 槍型紅外線 8P 攝影機 - Sony335 6mm	P0306	CY-001 前蓋玻璃 白	1	啟用	固定料件	2026/07/14	2026/07/14
SONY335-BULLET-IR-8P-6MM	Sony335 槍型紅外線 8P 攝影機 - Sony335 6mm	P0307	CY-001 防雨罩 白	1	啟用	固定料件	2026/07/14	2026/07/14
SONY335-BULLET-IR-8P-6MM	Sony335 槍型紅外線 8P 攝影機 - Sony335 6mm	P0337	指撥線帶螺紋	1	啟用	固定料件	2026/07/14	2026/07/14
SONY335-BULLET-IR-8P-6MM	Sony335 槍型紅外線 8P 攝影機 - Sony335 6mm	P0341	8燈紅外線燈板	1	啟用	固定料件	2026/07/14	2026/07/14
SONY335-BULLET-IR-8P-6MM	Sony335 槍型紅外線 8P 攝影機 - Sony335 6mm	P0403	Sony 335 6mm	1	啟用	選項模組/鏡頭	2026/07/14	2026/07/14
SONY335-BULLET-IR-6P-8MM	Sony 335 槍型 紅外線 6P 8mm	P0305	CY-001 槍體 白	1	啟用	固定料件	2026/07/16	2026/07/16
SONY335-BULLET-IR-6P-8MM	Sony 335 槍型 紅外線 6P 8mm	P0306	CY-001 前蓋玻璃 白	1	啟用	固定料件	2026/07/16	2026/07/16
SONY335-BULLET-IR-6P-8MM	Sony 335 槍型 紅外線 6P 8mm	P0307	CY-001 防雨罩 白	1	啟用	固定料件	2026/07/16	2026/07/16
SONY335-BULLET-IR-6P-8MM	Sony 335 槍型 紅外線 6P 8mm	P0337	指撥線帶螺紋	1	啟用	固定料件	2026/07/16	2026/07/16
SONY335-BULLET-IR-6P-8MM	Sony 335 槍型 紅外線 6P 8mm	P0339	6燈紅外線燈板	1	啟用	固定料件	2026/07/16	2026/07/16
SONY335-BULLET-IR-6P-8MM	Sony 335 槍型 紅外線 6P 8mm	P0404	Sony 335 8mm	1	啟用	選項模組/鏡頭	2026/07/16	2026/07/16
SONY335-BULLET-IR-8P-8MM	Sony335 槍型紅外線 8P 攝影機 - Sony335 8mm	P0305	CY-001 槍體 白	1	啟用	固定料件	2026/07/14	2026/07/14
SONY335-BULLET-IR-8P-8MM	Sony335 槍型紅外線 8P 攝影機 - Sony335 8mm	P0306	CY-001 前蓋玻璃 白	1	啟用	固定料件	2026/07/14	2026/07/14
SONY335-BULLET-IR-8P-8MM	Sony335 槍型紅外線 8P 攝影機 - Sony335 8mm	P0307	CY-001 防雨罩 白	1	啟用	固定料件	2026/07/14	2026/07/14
SONY335-BULLET-IR-8P-8MM	Sony335 槍型紅外線 8P 攝影機 - Sony335 8mm	P0337	指撥線帶螺紋	1	啟用	固定料件	2026/07/14	2026/07/14
SONY335-BULLET-IR-8P-8MM	Sony335 槍型紅外線 8P 攝影機 - Sony335 8mm	P0341	8燈紅外線燈板	1	啟用	固定料件	2026/07/14	2026/07/14
SONY335-BULLET-IR-8P-8MM	Sony335 槍型紅外線 8P 攝影機 - Sony335 8mm	P0404	Sony 335 8mm	1	啟用	選項模組/鏡頭	2026/07/14	2026/07/14
SONY335-SHIELD-IR-12P-2P7-13MM	Sony335 500萬防護罩紅外線 12P 攝影機 - Sony335 2.7-13mm	P0327	CY-007 防護罩槍體	1	啟用	固定料件	2026/07/15	2026/07/15
SONY335-SHIELD-IR-12P-2P7-13MM	Sony335 500萬防護罩紅外線 12P 攝影機 - Sony335 2.7-13mm	P0334	五芯線	1	啟用	固定料件	2026/07/15	2026/07/15
SONY335-SHIELD-IR-12P-2P7-13MM	Sony335 500萬防護罩紅外線 12P 攝影機 - Sony335 2.7-13mm	P0346	防護罩12燈紅外線燈板	1	啟用	固定料件	2026/07/15	2026/07/15
SONY335-SHIELD-IR-12P-2P7-13MM	Sony335 500萬防護罩紅外線 12P 攝影機 - Sony335 2.7-13mm	P0453	CY-007定位盒	1	啟用	固定料件	2026/07/15	2026/07/15
SONY335-SHIELD-IR-12P-2P7-13MM	Sony335 500萬防護罩紅外線 12P 攝影機 - Sony335 2.7-13mm	P0461	Sony 335 2.7-13mm	1	啟用	選項模組/鏡頭	2026/07/15	2026/07/15
SONY335-SHIELD-IR-12P-2P8-12MM	Sony335 500萬防護罩紅外線 12P 攝影機 - Sony335 2.8-12mm	P0327	CY-007 防護罩槍體	1	啟用	固定料件	2026/07/15	2026/07/15
SONY335-SHIELD-IR-12P-2P8-12MM	Sony335 500萬防護罩紅外線 12P 攝影機 - Sony335 2.8-12mm	P0334	五芯線	1	啟用	固定料件	2026/07/15	2026/07/15
SONY335-SHIELD-IR-12P-2P8-12MM	Sony335 500萬防護罩紅外線 12P 攝影機 - Sony335 2.8-12mm	P0346	防護罩12燈紅外線燈板	1	啟用	固定料件	2026/07/15	2026/07/15
SONY335-SHIELD-IR-12P-2P8-12MM	Sony335 500萬防護罩紅外線 12P 攝影機 - Sony335 2.8-12mm	P0399	Sony 335 2.8~12mm	1	啟用	選項模組/鏡頭	2026/07/15	2026/07/15
SONY335-SHIELD-IR-12P-2P8-12MM	Sony335 500萬防護罩紅外線 12P 攝影機 - Sony335 2.8-12mm	P0453	CY-007定位盒	1	啟用	固定料件	2026/07/15	2026/07/15
SONY335-SHIELD-YELLOW-12P-3P6MM	Sony 335 防護罩 黃光 3.6mm	P0327	CY-007 防護罩槍體	1	啟用	固定料件	2026/07/16	2026/07/16
SONY335-SHIELD-YELLOW-12P-3P6MM	Sony 335 防護罩 黃光 3.6mm	P0334	五芯線	1	啟用	固定料件	2026/07/16	2026/07/16
SONY335-SHIELD-YELLOW-12P-3P6MM	Sony 335 防護罩 黃光 3.6mm	P0346	防護罩12燈紅外線燈板	1	啟用	固定料件	2026/07/16	2026/07/16
SONY335-SHIELD-YELLOW-12P-3P6MM	Sony 335 防護罩 黃光 3.6mm	P0402	Sony 335 3.6mm	1	啟用	選項模組/鏡頭	2026/07/16	2026/07/16
SONY335-SHIELD-YELLOW-12P-3P6MM	Sony 335 防護罩 黃光 3.6mm	P0453	CY-007定位盒	1	啟用	固定料件	2026/07/16	2026/07/16
SONY335-SHIELD-YELLOW-12P-3P6MM	Sony 335 防護罩 黃光 3.6mm	P0462	暫時材料	1	啟用	暫時材料/待確認料件	2026/07/16	2026/07/16
SONY335-SHIELD-IR-12P-4MM	Sony 335 防護罩 紅外線 4mm	P0327	CY-007 防護罩槍體	1	啟用	固定料件	2026/07/16	2026/07/16
SONY335-SHIELD-IR-12P-4MM	Sony 335 防護罩 紅外線 4mm	P0334	五芯線	1	啟用	固定料件	2026/07/16	2026/07/16
SONY335-SHIELD-IR-12P-4MM	Sony 335 防護罩 紅外線 4mm	P0346	防護罩12燈紅外線燈板	1	啟用	固定料件	2026/07/16	2026/07/16
SONY335-SHIELD-IR-12P-4MM	Sony 335 防護罩 紅外線 4mm	P0453	CY-007定位盒	1	啟用	固定料件	2026/07/16	2026/07/16
SONY335-SHIELD-IR-12P-4MM	Sony 335 防護罩 紅外線 4mm	P0463	Sony 335 4mm	1	啟用	選項模組/鏡頭	2026/07/16	2026/07/16
SONY415-DOME-COAXAUDIO-2P-2P8MM	半球形同軸聲音紅外線 2P 攝影機 - Sony415 2.8mm	P0407	Sony 415 2.8mm	1	啟用	選項模組/鏡頭	2026/07/14	2026/07/14
SONY415-DOME-COAXAUDIO-2P-2P8MM	半球形同軸聲音紅外線 2P 攝影機 - Sony415 2.8mm	P0452	CY-006 同軸聲音球體	1	啟用	固定料件	2026/07/14	2026/07/14
SONY415-DOME-COAXAUDIO-2P-3P6MM	半球形同軸聲音紅外線 2P 攝影機 - Sony415 3.6mm	P0408	Sony 415 3.6mm	1	啟用	選項模組/鏡頭	2026/07/14	2026/07/14
SONY415-DOME-COAXAUDIO-2P-3P6MM	半球形同軸聲音紅外線 2P 攝影機 - Sony415 3.6mm	P0452	CY-006 同軸聲音球體	1	啟用	固定料件	2026/07/14	2026/07/14
SONY415-DOME-COAXAUDIO-2P-6MM	半球形同軸聲音紅外線 2P 攝影機 - Sony415 6mm	P0409	Sony 415 6mm	1	啟用	選項模組/鏡頭	2026/07/14	2026/07/14
SONY415-DOME-COAXAUDIO-2P-6MM	半球形同軸聲音紅外線 2P 攝影機 - Sony415 6mm	P0452	CY-006 同軸聲音球體	1	啟用	固定料件	2026/07/14	2026/07/14
SONY415-DOME-COAXAUDIO-2P-8MM	半球形同軸聲音紅外線 2P 攝影機 - Sony415 8mm	P0410	Sony 415 8mm	1	啟用	選項模組/鏡頭	2026/07/14	2026/07/14
SONY415-DOME-COAXAUDIO-2P-8MM	半球形同軸聲音紅外線 2P 攝影機 - Sony415 8mm	P0452	CY-006 同軸聲音球體	1	啟用	固定料件	2026/07/14	2026/07/14
SONY415-BULLET-IR-8P-2P8MM	Sony 415 槍型 2.8mm	P0305	CY-001 槍體 白	1	啟用	固定料件	2026/07/16	2026/07/16
SONY415-BULLET-IR-8P-2P8MM	Sony 415 槍型 2.8mm	P0306	CY-001 前蓋玻璃 白	1	啟用	固定料件	2026/07/16	2026/07/16
SONY415-BULLET-IR-8P-2P8MM	Sony 415 槍型 2.8mm	P0307	CY-001 防雨罩 白	1	啟用	固定料件	2026/07/16	2026/07/16
SONY415-BULLET-IR-8P-2P8MM	Sony 415 槍型 2.8mm	P0337	指撥線帶螺紋	1	啟用	固定料件	2026/07/16	2026/07/16
SONY415-BULLET-IR-8P-2P8MM	Sony 415 槍型 2.8mm	P0341	8燈紅外線燈板	1	啟用	固定料件	2026/07/16	2026/07/16
SONY415-BULLET-IR-8P-2P8MM	Sony 415 槍型 2.8mm	P0407	Sony 415 2.8mm	1	啟用	選項模組/鏡頭	2026/07/16	2026/07/16
SONY415-BULLET-IR-8P-3P6MM	Sony 415 槍型 3.6mm	P0305	CY-001 槍體 白	1	啟用	固定料件	2026/07/16	2026/07/16
SONY415-BULLET-IR-8P-3P6MM	Sony 415 槍型 3.6mm	P0306	CY-001 前蓋玻璃 白	1	啟用	固定料件	2026/07/16	2026/07/16
SONY415-BULLET-IR-8P-3P6MM	Sony 415 槍型 3.6mm	P0307	CY-001 防雨罩 白	1	啟用	固定料件	2026/07/16	2026/07/16
SONY415-BULLET-IR-8P-3P6MM	Sony 415 槍型 3.6mm	P0337	指撥線帶螺紋	1	啟用	固定料件	2026/07/16	2026/07/16
SONY415-BULLET-IR-8P-3P6MM	Sony 415 槍型 3.6mm	P0341	8燈紅外線燈板	1	啟用	固定料件	2026/07/16	2026/07/16
SONY415-BULLET-IR-8P-3P6MM	Sony 415 槍型 3.6mm	P0408	Sony 415 3.6mm	1	啟用	選項模組/鏡頭	2026/07/16	2026/07/16
F23-BULLET-IR-2P8MM	F23 2MP 槍型 紅外線 2.8mm	P0353	F23 2.8mm	1	啟用	選項模組/鏡頭	2026/07/16	2026/07/16
F23-BULLET-IR-2P8MM	F23 2MP 槍型 紅外線 2.8mm	P0462	暫時材料	1	啟用	暫時材料/待確認料件	2026/07/16	2026/07/16
F23-PINHOLE-IR-3P7MM	F23 星光級 針孔豆干型 紅外線 3.7mm	P0462	暫時材料	1	啟用	暫時材料/待確認料件	2026/07/16	2026/07/16
F23-DISC-IR-1P8MM	F23 星光級 碟型 紅外線 1.8mm	P0352	F23 1.8mm	1	啟用	選項模組/鏡頭	2026/07/16	2026/07/16
F23-DISC-IR-1P8MM	F23 星光級 碟型 紅外線 1.8mm	P0462	暫時材料	1	啟用	暫時材料/待確認料件	2026/07/16	2026/07/16
BLACKNET-8MP-AIO	黑光網 8MP 一體機	P0462	暫時材料	1	啟用	暫時材料/待確認料件	2026/07/16	2026/07/16
BLACKNET-8MP-DOME-3P6MM	黑光網 8MP 半球 3.6mm	P0462	暫時材料	1	啟用	暫時材料/待確認料件	2026/07/16	2026/07/16
AHD-5X-AF-DOME-2P8-12MM	AHD 5X 自動對焦球型 紅外線 2.8-12mm	P0462	暫時材料	1	啟用	暫時材料/待確認料件	2026/07/16	2026/07/16
AHD-2MP-SCREW-PINHOLE	螺絲型針孔攝影機 2MP AHD	P0462	暫時材料	1	啟用	暫時材料/待確認料件	2026/07/16	2026/07/16
