商品ID	目前品名	原本初始庫存	回填後初始庫存	回填來源	來源明細
P0001	懶人線	0	5	商品ID直接對應	懶人線
P0002	懶人線 5米	193	77	商品ID直接對應	懶人線 5米
P0003	懶人線 10米	0	0	商品ID直接對應	懶人線 10米
P0004	懶人線 15米	149	148	商品ID直接對應	懶人線 15米
P0005	懶人線 20米	124	123	商品ID直接對應	懶人線 20米
P0006	懶人線 30米	101	101	商品ID直接對應	懶人線 30米
P0007	懶人線 40米	0	0	商品ID直接對應	懶人線 40米
P0008	懶人線 5米A	308	308	商品ID直接對應	懶人線 5米A
P0009	懶人線 10米A	32	31	商品ID直接對應	懶人線 10米A
P0010	懶人線 15米A	197	196	商品ID直接對應	懶人線 15米A
P0011	懶人線 20米A	228	228	商品ID直接對應	懶人線 20米A
P0012	懶人線 30米A	72	72	商品ID直接對應	懶人線 30米A
P0013	懶人線 40米A	74	74	商品ID直接對應	懶人線 40米A
P0014	懶人線 50米A	16	16	商品ID直接對應	懶人線 50米A
P0288	IPC	0	0	商品ID直接對應	IPC
P0289	安聯TH-CH256M4CK	325	325	商品ID直接對應	安聯TH-CH256M4CK
P0290	安聯TH-CH356M4KGB	7	8	商品ID直接對應	安聯TH-CH356M4KGB
P0291	IPC 5MP 車牌辨識	21	21	商品ID直接對應	IPC 5MP 車牌辨識
P0292	IPC 8MP 車牌辨識	15	15	商品ID直接對應	IPC 8MP 車牌辨識
P0293	IPC 戶外型 5MP 戶外型 2.8-12mm	13	13	商品ID直接對應	IPC 戶外型 5MP 戶外型 2.8-12mm
P0294	IPC 5MP 防護罩 紅外線 2.8-12mm	13	13	商品ID直接對應	IPC 5MP 防護罩 紅外線 2.8-12mm
P0412	POE	0	0	商品ID直接對應	POE
P0413	24路 +2+2 Giga PoE 交換機	5	5	商品ID直接對應	24路 +2+2 Giga PoE 交換機
P0414	24路 +4+4 Giga PoE 交換機	6	6	商品ID直接對應	24路 +4+4 Giga PoE 交換機
P0415	16路 +4+4 Giga PoE 交換機	5	5	商品ID直接對應	16路 +4+4 Giga PoE 交換機
P0416	AP 24路 +4+4 Giga PoE 交換機	2	2	商品ID直接對應	AP 24路 +4+4 Giga PoE 交換機
P0417	AP 16路 +4+4 Giga PoE 交換機	2	2	商品ID直接對應	AP 16路 +4+4 Giga PoE 交換機
P0418	光纖轉換器	90	90	商品ID直接對應	光纖轉換器
P0419	24路 +2 Giga 交換機	2	2	商品ID直接對應	24路 +2 Giga 交換機
P0420	16路 +2 Giga 交換機	2	2	商品ID直接對應	16路 +2 Giga 交換機
P0421	16路 +2+1 Giga PoE 交換機	5	5	商品ID直接對應	16路 +2+1 Giga PoE 交換機
P0422	16路 +2+2 Giga PoE 交換機	5	5	商品ID直接對應	16路 +2+2 Giga PoE 交換機
P0423	AI 16路 +2+1 Giga PoE 交換機	2	2	商品ID直接對應	AI 16路 +2+1 Giga PoE 交換機
P0424	4路 +2 Miga PoE 交換機	16	16	商品ID直接對應	4路 +2 Miga PoE 交換機
P0425	8路 +2 Miga PoE 交換機	9	4	商品ID直接對應	8路 +2 Miga PoE 交換機
P0426	AI 8路 +2+2 Giga PoE 交換機	9	9	商品ID直接對應	AI 8路 +2+2 Giga PoE 交換機
P0427	8路 +2+2 Giga PoE 交換機	9	6	商品ID直接對應	8路 +2+2 Giga PoE 交換機
P0428	4路 +1 Giga PoE 交換機	9	9	商品ID直接對應	4路 +1 Giga PoE 交換機
P0429	8路 Giga 交換器	6	6	商品ID直接對應	8路 Giga 交換器
P0430	5路 Giga 交換器	5	2	商品ID直接對應	5路 Giga 交換器
P0431	POE 2路中繼站 Giga	31	31	商品ID直接對應	POE 2路中繼站 Giga
P0432	POE 2路中繼站 Mega	98	98	商品ID直接對應	POE 2路中繼站 Mega
P0433	1路 POE交換機 60W	4	4	商品ID直接對應	1路 POE交換機 60W
P0434	1路 POE交換機 30W	1	1	商品ID直接對應	1路 POE交換機 30W
P0435	8+1路 Mega PoE交換機 外置電源	10	10	商品ID直接對應	8+1路 Mega PoE交換機 外置電源
P0436	4+1+1 Giga PoE交換機 內置電源	5	5	商品ID直接對應	4+1+1 Giga PoE交換機 內置電源
P0437	4+2路 Mega PoE交換機 外置電源	29	29	商品ID直接對應	4+2路 Mega PoE交換機 外置電源
P0438	AI 4+2+1 Giga PoE交換機	11	11	商品ID直接對應	AI 4+2+1 Giga PoE交換機
P0439	AP 8路+2+2 Giga PoE交換機	5	5	商品ID直接對應	AP 8路+2+2 Giga PoE交換機
P0440	AP 4路+2+1 Giga PoE交換機	3	3	商品ID直接對應	AP 4路+2+1 Giga PoE交換機
P0441	8路 2+1 Giga PoE交換機	1	1	商品ID直接對應	8路 2+1 Giga PoE交換機
P0442	無線網橋 5.8G	10	10	商品ID直接對應	無線網橋 5.8G
P0443	無線網橋 2.4G	8	8	商品ID直接對應	無線網橋 2.4G
P0444	無線網橋 5公里 2台一組	3	3	商品ID直接對應	無線網橋 5公里 2台一組
P0445	無線吸頂 AP	6	6	商品ID直接對應	無線吸頂 AP
P0446	WiFi 路由器	6	6	商品ID直接對應	WiFi 路由器
P0447	POE 電源 52V 2.5A	25	25	商品ID直接對應	POE 電源 52V 2.5A
P0448	IPC POE 分離器（52V）	32	32	商品ID直接對應	IPC POE 分離器（52V）
P0449	IPC POE 分離器（12V）	100	100	商品ID直接對應	IPC POE 分離器（12V）
P0265	主機	0	0	商品ID直接對應	主機
P0266	雄邁 DVR主機 四路主機	0	0	商品ID直接對應	雄邁 DVR主機 四路主機
P0267	雄邁 DVR主機 八路主機	0	0	商品ID直接對應	雄邁 DVR主機 八路主機
P0268	雄邁 DVR主機 十六路主機	2	2	商品ID直接對應	雄邁 DVR主機 十六路主機
P0269	AVTECH DVR主機 2017ATXI	5	5	商品ID直接對應	AVTECH DVR主機 2017ATXI
P0270	宇視 DVR主機 6116T	4	4	商品ID直接對應	宇視 DVR主機 6116T
P0271	宇視 DVR主機 6108T	1	1	商品ID直接對應	宇視 DVR主機 6108T
P0272	宇視 DVR主機 6104T	1	1	商品ID直接對應	宇視 DVR主機 6104T
P0273	九安 DVR主機 5204-AHD	1	1	商品ID直接對應	九安 DVR主機 5204-AHD
P0274	九安 DVR主機 5116-AHD	4	2	商品ID直接對應	九安 DVR主機 5116-AHD
P0275	AVTECH DVR主機 1005AX	15	14	商品ID直接對應	AVTECH DVR主機 1005AX
P0276	AVTECH DVR主機 1009AIXI	16	16	商品ID直接對應	AVTECH DVR主機 1009AIXI
P0277	昇銳 四路 DVR主機 HU-4311	1	0	商品ID直接對應	昇銳 四路 DVR主機 HU-4311
P0278	安聯 四路 DVR主機 TH-D7104	17	17	商品ID直接對應	安聯 四路 DVR主機 TH-D7104
P0279	安聯 四路 DVR主機 TH-D8104	19	19	商品ID直接對應	安聯 四路 DVR主機 TH-D8104
P0280	安聯 八路 DVR主機 TH-D7208	13	9	商品ID直接對應	安聯 八路 DVR主機 TH-D7208
P0281	安聯 八路 NVR主機 TH-N7508	9	9	商品ID直接對應	安聯 八路 NVR主機 TH-N7508
P0282	安聯 16路 NVR主機 TH-N2016G	6	5	商品ID直接對應	安聯 16路 NVR主機 TH-N2016G
P0283	安聯 16路 NVR主機 TH-N2016Q	3	1	商品ID直接對應	安聯 16路 NVR主機 TH-N2016Q
P0284	哈柏 4路 DVR主機 ATR504HN-H	0	0	商品ID直接對應	哈柏 4路 DVR主機 ATR504HN-H
P0285	哈柏 8路 DVR主機 ATR508HN-H	5	5	商品ID直接對應	哈柏 8路 DVR主機 ATR508HN-H
P0286	哈柏 16路 DVR主機 ATR562HN-H	4	5	商品ID直接對應	哈柏 16路 DVR主機 ATR562HN-H
P0287	安聯 32路 DVR主機 TH-D8132Q	14	14	商品ID直接對應	安聯 32路 DVR主機 TH-D8132Q
P0151	支架	0	0	商品ID直接對應	支架
P0152	路燈U型支架 GL218	7	7	商品ID直接對應	路燈U型支架 GL218
P0153	電線桿支架 GL21M	12	12	商品ID直接對應	電線桿支架 GL21M
P0154	葉帶型電線桿支架	1	1	商品ID直接對應	葉帶型電線桿支架
P0155	H鋼夾	263	263	商品ID直接對應	H鋼夾
P0156	H鋼夾 大	29	29	商品ID直接對應	H鋼夾 大
P0157	槍型頭 大	43	43	商品ID直接對應	槍型頭 大
P0158	橫桿支架	50	50	商品ID直接對應	橫桿支架
P0159	槍型支架 30-60米 白色	64	34	商品ID直接對應	槍型支架 30-60米 白色
P0160	槍型支架 60-120米 白色	81	63	商品ID直接對應	槍型支架 60-120米 白色
P0161	槍型支架 100-200米 白色	127	127	商品ID直接對應	槍型支架 100-200米 白色
P0162	槍型支架 150-300米 白色	10	8	商品ID直接對應	槍型支架 150-300米 白色
P0163	槍型支架 30-60米 黑色	45	45	商品ID直接對應	槍型支架 30-60米 黑色
P0164	槍型支架 60-120米 黑色	10	5	商品ID直接對應	槍型支架 60-120米 黑色
P0165	槍型支架 100-200米 黑色	0	0	商品ID直接對應	槍型支架 100-200米 黑色
P0166	槍型支架 150-300米 黑色	0	0	商品ID直接對應	槍型支架 150-300米 黑色
P0167	半球支架 30-60米 白色	11	6	商品ID直接對應	半球支架 30-60米 白色
P0168	半球支架 60-120米 白色	31	25	商品ID直接對應	半球支架 60-120米 白色
P0169	半球支架 100-200米 白色	20	20	商品ID直接對應	半球支架 100-200米 白色
P0170	半球支架 150-300米 白色	12	10	商品ID直接對應	半球支架 150-300米 白色
P0171	半球支架 30-60米 黑色	41	41	商品ID直接對應	半球支架 30-60米 黑色
P0172	半球支架 60-120米 黑色	28	28	商品ID直接對應	半球支架 60-120米 黑色
P0173	半球支架 100-200米 黑色	9	9	商品ID直接對應	半球支架 100-200米 黑色
P0174	半球支架 150-300米 黑色	10	10	商品ID直接對應	半球支架 150-300米 黑色
P0175	J型固定支架 15米	60	60	商品ID直接對應	J型固定支架 15米
P0176	J型固定支架 40米	74	74	商品ID直接對應	J型固定支架 40米
P0177	J型固定支架 30米	218	218	商品ID直接對應	J型固定支架 30米
P0178	L型支架 30-60米	37	37	商品ID直接對應	L型支架 30-60米
P0179	J型支架 30-60米	91	91	商品ID直接對應	J型支架 30-60米
P0180	U型支架 30-60米	76	76	商品ID直接對應	U型支架 30-60米
P0181	I型固定支架 20米	10	10	商品ID直接對應	I型固定支架 20米
P0182	I型固定支架 30米	11	11	商品ID直接對應	I型固定支架 30米
P0183	不鏽鋼固定支架 30米	64	64	商品ID直接對應	不鏽鋼固定支架 30米
P0184	牆角橫桿雙接支架 60米	8	8	商品ID直接對應	牆角橫桿雙接支架 60米
P0185	銀色支架 100-200米	56	56	商品ID直接對應	銀色支架 100-200米
P0186	I型固定支架 60米	25	25	商品ID直接對應	I型固定支架 60米
P0187	U型支架 100-200米	13	13	商品ID直接對應	U型支架 100-200米
P0188	J型支架 100-200米	38	38	商品ID直接對應	J型支架 100-200米
P0189	U型支架 60-120米	15	15	商品ID直接對應	U型支架 60-120米
P0190	J型支架 60-120米	14	14	商品ID直接對應	J型支架 60-120米
P0191	L型半球支架 小	86	86	商品ID直接對應	L型半球支架 小
P0192	L型半球支架 大	51	51	商品ID直接對應	L型半球支架 大
P0193	不鏽鋼支架 100-200 2英吋	12	11	商品ID直接對應	不鏽鋼支架 100-200 2英吋
P0194	不鏽鋼支架 100-200 1英吋	8	8	商品ID直接對應	不鏽鋼支架 100-200 1英吋
P0195	不鏽鋼支架 60-120 1英吋	15	15	商品ID直接對應	不鏽鋼支架 60-120 1英吋
P0196	不鏽鋼支架 150-300 2英吋	10	10	商品ID直接對應	不鏽鋼支架 150-300 2英吋
P0197	不鏽鋼支架 60-120 2英吋	5	5	商品ID直接對應	不鏽鋼支架 60-120 2英吋
P0198	不鏽鋼支架 30-60 2英吋	17	17	商品ID直接對應	不鏽鋼支架 30-60 2英吋
P0199	不鏽鋼支架 30-60 1英吋	3	3	商品ID直接對應	不鏽鋼支架 30-60 1英吋
P0200	銀色支架 60-120	4	4	商品ID直接對應	銀色支架 60-120
P0201	銀色支架 20-40	153	152	商品ID直接對應	銀色支架 20-40
P0202	銀色支架 30-60	34	33	商品ID直接對應	銀色支架 30-60
P0203	銀色支架 40-80	7	6	商品ID直接對應	銀色支架 40-80
P0204	不鏽鋼橫桿支架 30-60	1	1	商品ID直接對應	不鏽鋼橫桿支架 30-60
P0205	A02 小支架	220	703	商品ID直接對應	A02 小支架
P0128	線材	0	0	商品ID直接對應	線材
P0129	BNC 防水絞線	270	270	商品ID直接對應	BNC 防水絞線
P0130	日本磁芯 絞線	527	527	商品ID直接對應	日本磁芯 絞線
P0131	POE 專用線	57	57	商品ID直接對應	POE 專用線
P0132	VGA 電腦線	67	67	商品ID直接對應	VGA 電腦線
P0133	BNC 絞線	4562	4422	商品ID直接對應	BNC 絞線
P0134	F頭 絞線	63	63	商品ID直接對應	F頭 絞線
P0135	1米 BNC 跳線	274	274	商品ID直接對應	1米 BNC 跳線
P0136	2米 BNC 跳線	130	130	商品ID直接對應	2米 BNC 跳線
P0137	公母插頭	92	92	商品ID直接對應	公母插頭
P0138	DC母線	2218	2218	商品ID直接對應	DC母線
P0139	DC公線	320	320	商品ID直接對應	DC公線
P0140	DC一分三公線	560	560	商品ID直接對應	DC一分三公線
P0141	F頭避雷線	1350	1350	商品ID直接對應	F頭避雷線
P0142	4K HDMI 光纖延長線 10米	4	4	商品ID直接對應	4K HDMI 光纖延長線 10米
P0143	4K HDMI 光纖延長線 20米	5	5	商品ID直接對應	4K HDMI 光纖延長線 20米
P0144	4K HDMI 光纖延長線 30米	1	1	商品ID直接對應	4K HDMI 光纖延長線 30米
P0145	AHD 4路被動絞線傳輸器	20	20	商品ID直接對應	AHD 4路被動絞線傳輸器
P0146	VGA 延長線 5米	7	7	商品ID直接對應	VGA 延長線 5米
P0147	VGA 延長線 10米	5	5	商品ID直接對應	VGA 延長線 10米
P0148	VGA 延長線 15米	1	1	商品ID直接對應	VGA 延長線 15米
P0149	VGA 延長線 20米	2	2	商品ID直接對應	VGA 延長線 20米
P0150	VGA 延長線 70米	1	1	商品ID直接對應	VGA 延長線 70米
P0115	防水盒	-5	-5	商品ID直接對應	防水盒
P0116	圓形防水盒 白	32	32	商品ID直接對應	圓形防水盒 白
P0117	圓形防水盒 黑	34	34	商品ID直接對應	圓形防水盒 黑
P0118	方形防水盒 MIT 白	189	151	商品ID直接對應	方形防水盒 MIT 白
P0119	方形防水盒 MIT 黑	10	10	商品ID直接對應	方形防水盒 MIT 黑
P0120	方形小防水盒 MIT 白	40	630	商品ID直接對應	方形小防水盒 MIT 白
P0121	弱電防水盒 110x100x45 700B	48	48	商品ID直接對應	弱電防水盒 110x100x45 700B
P0122	弱電防水盒 200x190x80 700C	9	9	商品ID直接對應	弱電防水盒 200x190x80 700C
P0123	弱電防水盒 170x160x65 7D	62	61	商品ID直接對應	弱電防水盒 170x160x65 7D
P0124	弱電防水盒 260x230x80 800B	39	39	商品ID直接對應	弱電防水盒 260x230x80 800B
P0125	長形防水盒	28	28	商品ID直接對應	長形防水盒
P0126	大陸防水盒	34	34	商品ID直接對應	大陸防水盒
P0127	防護罩定位盒	267	257	商品ID直接對應	防護罩定位盒
P0206	雜項	-2	-2	商品ID直接對應	雜項
P0207	AHD 四路分配器	21	21	商品ID直接對應	AHD 四路分配器
P0208	HDMI轉VGA轉換器	5	5	商品ID直接對應	HDMI轉VGA轉換器
P0209	HDMI影像捕獲帶環路	5	5	商品ID直接對應	HDMI影像捕獲帶環路
P0210	AHD光纖4路轉換器	2	2	商品ID直接對應	AHD光纖4路轉換器
P0211	4合一兩路擴充器	5	5	商品ID直接對應	4合一兩路擴充器
P0212	AHD兩路擴充器	15	15	商品ID直接對應	AHD兩路擴充器
P0213	4合一四路擴充器	24	24	商品ID直接對應	4合一四路擴充器
P0214	IP轉同軸轉換器	4	4	商品ID直接對應	IP轉同軸轉換器
P0215	IP轉同軸轉換器帶POE	6	6	商品ID直接對應	IP轉同軸轉換器帶POE
P0216	AHD轉USB3.0解析卡	2	2	商品ID直接對應	AHD轉USB3.0解析卡
P0217	AHD同軸抗干擾器	6	6	商品ID直接對應	AHD同軸抗干擾器
P0218	IPC 五合一 工程寶	3	3	商品ID直接對應	IPC 五合一 工程寶
P0219	AHD 四合一 工程寶	3	3	商品ID直接對應	AHD 四合一 工程寶
P0220	218A 電線桿夾具	10	10	商品ID直接對應	218A 電線桿夾具
P0221	7吋電視螢幕	11	11	商品ID直接對應	7吋電視螢幕
P0222	AV轉VGA轉換器	9	9	商品ID直接對應	AV轉VGA轉換器
P0223	VGA兩路分配器	5	5	商品ID直接對應	VGA兩路分配器
P0224	VGA四路分配器	12	12	商品ID直接對應	VGA四路分配器
P0225	VGA延長器 10米	5	5	商品ID直接對應	VGA延長器 10米
P0226	VGA延長器 30米	2	2	商品ID直接對應	VGA延長器 30米
P0227	HDMI延長器 60米	1	1	商品ID直接對應	HDMI延長器 60米
P0228	VGA延長器 100米	2	2	商品ID直接對應	VGA延長器 100米
P0229	VGA延長器 KVM 300米	7	7	商品ID直接對應	VGA延長器 KVM 300米
P0230	PoE避雷器	97	97	商品ID直接對應	PoE避雷器
P0231	感應燈	53	53	商品ID直接對應	感應燈
P0232	HDMI 延長器 150M	4	4	商品ID直接對應	HDMI 延長器 150M
P0233	HDMI 延長器 100M	1	1	商品ID直接對應	HDMI 延長器 100M
P0234	HDMI 延長器 60M	1	1	商品ID直接對應	HDMI 延長器 60M
P0235	HDMI 延長器 30M	22	22	商品ID直接對應	HDMI 延長器 30M
P0236	HDMI 延長器 KVM 200M	2	2	商品ID直接對應	HDMI 延長器 KVM 200M
P0237	HDMI 4進1 KVM 切換器	3	3	商品ID直接對應	HDMI 4進1 KVM 切換器
P0238	HDMI 1分8 分配器	5	5	商品ID直接對應	HDMI 1分8 分配器
P0239	HDMI 5進1 切換器	7	7	商品ID直接對應	HDMI 5進1 切換器
P0240	HDMI 4進2 切換器	3	3	商品ID直接對應	HDMI 4進2 切換器
P0241	AV轉HDMI 切換器	4	4	商品ID直接對應	AV轉HDMI 切換器
P0242	HDMI 2進1 KVM 切換器	7	7	商品ID直接對應	HDMI 2進1 KVM 切換器
P0243	HDMI 無線延長器 60M	3	3	商品ID直接對應	HDMI 無線延長器 60M
P0244	AHD 放大器	6	6	商品ID直接對應	AHD 放大器
P0245	LED 補光燈	2	2	商品ID直接對應	LED 補光燈
P0246	VGA 轉 AV 轉換器	13	13	商品ID直接對應	VGA 轉 AV 轉換器
P0247	PVA 網路線帶電轉換器	39	39	商品ID直接對應	PVA 網路線帶電轉換器
P0248	AHD 主動絞線傳輸器（R）	52	52	商品ID直接對應	AHD 主動絞線傳輸器（R）
P0249	AHD 主動絞線傳輸器（T）	50	50	商品ID直接對應	AHD 主動絞線傳輸器（T）
P0250	紅外線感應器	3	3	商品ID直接對應	紅外線感應器
P0251	KVM HDMI 連接線	45	45	商品ID直接對應	KVM HDMI 連接線
P0252	AHD 四路分配器	21	21	商品ID直接對應	AHD 四路分配器
P0253	IP 轉同軸轉接器	2	2	商品ID直接對應	IP 轉同軸轉接器
P0254	BNC 快速接頭	700	700	商品ID直接對應	BNC 快速接頭
P0255	HDMI 30米不帶電延長器	30	30	商品ID直接對應	HDMI 30米不帶電延長器
P0256	老鼠 Mic	174	174	商品ID直接對應	老鼠 Mic
P0257	同軸帶電源 PVT	15	15	商品ID直接對應	同軸帶電源 PVT
P0258	IPC Mic	16	16	商品ID直接對應	IPC Mic
P0259	方盒 Mic	9	9	商品ID直接對應	方盒 Mic
P0260	鏡頭式 Mic	11	11	商品ID直接對應	鏡頭式 Mic
P0261	高爾夫球式 Mic	63	63	商品ID直接對應	高爾夫球式 Mic
P0263	HDMI 中接	17	17	商品ID直接對應	HDMI 中接
P0264	HDMI 轉 AHD 轉換器	7	7	商品ID直接對應	HDMI 轉 AHD 轉換器
P0051	Sony 323 一體機 1.8mm	77	77	商品ID直接對應	Sony 323 一體機 1.8mm
P0066	4653 一體機 紅外線 4P 1.8mm	0	0	商品ID直接對應	4653 一體機 紅外線 4P 1.8mm
P0071	4653 一體機 黃光 4P 1.8mm	0	0	商品ID直接對應	4653 一體機 黃光 4P 1.8mm
P0031	V22 紅外線 同軸聲音 3.6mm	28	28	商品ID直接對應	V22 紅外線 同軸聲音 3.6mm
P0338	燈板	0	0	商品ID直接對應	燈板
P0340	6燈黃光燈板	470	470	商品ID直接對應	6燈黃光燈板
P0342	8燈黃光燈板	484	484	商品ID直接對應	8燈黃光燈板
P0345	一體G白光燈板	200	200	商品ID直接對應	一體G白光燈板
P0347	防護罩12燈黃光燈板	10	10	商品ID直接對應	防護罩12燈黃光燈板
P0348	1.8 2燈紅外線燈板	505	505	商品ID直接對應	1.8 2燈紅外線燈板
P0349	帶聲半球 2燈紅外線燈板	155	295	商品ID直接對應	帶聲半球 2燈紅外線燈板
P0295	材料	0	0	商品ID直接對應	材料
P0296	BY08 翻蓋槍機 銀	275	275	商品ID直接對應	BY08 翻蓋槍機 銀
P0297	BY08 翻蓋槍機 白	88	88	商品ID直接對應	BY08 翻蓋槍機 白
P0298	BY08 翻蓋槍機 黑	0	0	商品ID直接對應	BY08 翻蓋槍機 黑
P0299	BY08 翻蓋槍機 玻璃	443	443	商品ID直接對應	BY08 翻蓋槍機 玻璃
P0300	BY08 翻蓋槍機 L型模組固定支架	320	320	商品ID直接對應	BY08 翻蓋槍機 L型模組固定支架
P0301	BY08 翻蓋槍機 玻璃固定圓環 銀	238	238	商品ID直接對應	BY08 翻蓋槍機 玻璃固定圓環 銀
P0302	BY08 翻蓋槍機 玻璃固定圓環 白	53	53	商品ID直接對應	BY08 翻蓋槍機 玻璃固定圓環 白
P0303	BY08 翻蓋槍機 玻璃固定圓環 黑	27	27	商品ID直接對應	BY08 翻蓋槍機 玻璃固定圓環 黑
P0304	BY08 翻蓋槍機 防水墊圈	390	390	商品ID直接對應	BY08 翻蓋槍機 防水墊圈
P0305	CY-001 槍體 白	1655	1496	商品ID直接對應	CY-001 槍體 白
P0306	CY-001 前蓋玻璃 白	1662	1481	商品ID直接對應	CY-001 前蓋玻璃 白
P0307	CY-001 防雨罩 白	1662	1483	商品ID直接對應	CY-001 防雨罩 白
P0308	CY-001 槍體 黑	245	245	商品ID直接對應	CY-001 槍體 黑
P0309	CY-001 前蓋玻璃 黑	245	245	商品ID直接對應	CY-001 前蓋玻璃 黑
P0310	CY-001 防雨罩 黑	245	245	商品ID直接對應	CY-001 防雨罩 黑
P0311	CY-001 膠圈	1773	1678	商品ID直接對應	CY-001 膠圈
P0312	CY-002 303光面半球 球體	786	786	商品ID直接對應	CY-002 303光面半球 球體
P0313	CY-002 303光面半球 圓形玻璃	992	992	商品ID直接對應	CY-002 303光面半球 圓形玻璃
P0314	CY-003 一體機主體 騰慶	514	514	商品ID直接對應	CY-003 一體機主體 騰慶
P0315	CY-003 一體機主體 黑	79	62	商品ID直接對應	CY-003 一體機主體 黑
P0316	CY-003 一體機主體 白	381	329	商品ID直接對應	CY-003 一體機主體 白
P0317	CY-003 一體機附件 白	915	863	商品ID直接對應	CY-003 一體機附件 白
P0318	CY-003 一體機附件 黑	98	98	商品ID直接對應	CY-003 一體機附件 黑
P0319	CY-004 1.8mm專用槍體	119	119	商品ID直接對應	CY-004 1.8mm專用槍體
P0320	CY-004 玻璃	120	120	商品ID直接對應	CY-004 玻璃
P0321	CY-004 前蓋圓環	120	120	商品ID直接對應	CY-004 前蓋圓環
P0322	CY-004 防雨罩	120	120	商品ID直接對應	CY-004 防雨罩
P0323	CY-005 1.8mm專用球體	184	184	商品ID直接對應	CY-005 1.8mm專用球體
P0324	CY-005 銀色球蓋	184	167	商品ID直接對應	CY-005 銀色球蓋
P0325	CY-006 帶聲音球體	248	196	商品ID直接對應	CY-006 帶聲音球體
P0326	CY-006 騰慶 TQ	54	54	商品ID直接對應	CY-006 騰慶 TQ
P0327	CY-007 防護罩槍體	155	312	商品ID直接對應	CY-007 防護罩槍體
P0328	CY-007 騰慶 TQ	12	12	商品ID直接對應	CY-007 騰慶 TQ
P0329	CY-007 大口徑	0	0	商品ID直接對應	CY-007 大口徑
P0330	CY-008 騰慶 TQ 黑面半球	16	16	商品ID直接對應	CY-008 騰慶 TQ 黑面半球
P0331	防護罩支架	173	169	商品ID直接對應	防護罩支架
P0332	防護罩支架 圓柱型	46	46	商品ID直接對應	防護罩支架 圓柱型
P0333	防護罩支架 網路專用	100	100	商品ID直接對應	防護罩支架 網路專用
P0334	五芯線	1563	1461	商品ID直接對應	五芯線
P0335	五芯線帶螺紋	125	109	商品ID直接對應	五芯線帶螺紋
P0336	指撥線	2807	2763	商品ID直接對應	指撥線
P0337	指撥線帶螺紋	27	0	商品ID直接對應	指撥線帶螺紋
P0450	CY-004 超廣角1.8MM專用槍體	0	0	保留原值	
P0451	CY-005 超廣角1.8MM專用球體	0	0	保留原值	
P0452	CY-006 同軸聲音球體	0	0	保留原值	
P0453	CY-007定位盒	0	0	保留原值	
P0462	暫時材料	105	105	保留原值	
P0339	6燈紅外線燈板	274	207	商品ID直接對應	6燈紅外線燈板
P0341	8燈紅外線燈板	602	514	商品ID直接對應	8燈紅外線燈板
P0343	一體G紅外線燈板	258	230	商品ID直接對應	一體G紅外線燈板
P0344	一體G黃光燈板	165	141	商品ID直接對應	一體G黃光燈板
P0346	防護罩12燈紅外線燈板	49	35	商品ID直接對應	防護罩12燈紅外線燈板
P0350	18燈紅外線燈板	150	850	商品ID直接對應	18燈紅外線燈板
P0371	4653 1.8mm	0	0	商品ID直接對應	4653    1.8mm
P0455	4653 2.7-13mm	0	0	保留原值	
P0376	4653 2.8-12mm	60	60	商品ID直接對應	4653 2.8-12mm
P0372	4653 2.8mm	15	15	商品ID直接對應	4653    2.8mm
P0373	4653 3.6mm	127	117	商品ID直接對應	4653     3.6mm
P0374	4653 6mm	58	58	商品ID直接對應	4653   6mm
P0375	4653 8mm	120	120	商品ID直接對應	4653   8mm
P0365	5083 1.8mm	39	39	商品ID直接對應	5083 1.8mm
P0364	5083 2.7-13mm	90	90	商品ID直接對應	5083 2.7-13mm
P0370	5083 2.8-12mm	42	42	商品ID直接對應	5083 2.8-12mm
P0366	5083 2.8mm	146	146	商品ID直接對應	5083 2.8mm
P0367	5083 3.6mm	421	334	商品ID直接對應	5083 3.6mm
P0465	5083 4mm	0	0	保留原值	
P0368	5083 6mm	19	18	商品ID直接對應	5083 6mm
P0369	5083 8mm	43	43	商品ID直接對應	5083 8mm
P0352	F23 1.8mm	0	0	商品ID直接對應	F23 1.8mm
P0353	F23 2.8mm	0	0	商品ID直接對應	F23 2.8mm
P0357	F23 2.8~12mm	0	0	商品ID直接對應	F23  2.8~12mm
P0354	F23 3.6mm	0	0	商品ID直接對應	F23 3.6mm
P0355	F23 6mm	0	0	商品ID直接對應	F23   6mm
P0356	F23 8mm	0	0	商品ID直接對應	F23  8mm
P0358	F37 1.8mm	0	0	商品ID直接對應	F37 1.8mm
P0359	F37 2.8mm	0	0	商品ID直接對應	F37 2.8mm
P0363	F37 2.8~12mm	0	0	商品ID直接對應	F37  2.8~12mm
P0360	F37 3.6mm	0	0	商品ID直接對應	F37 3.6mm
P0361	F37 6mm	0	0	商品ID直接對應	F37   6mm
P0362	F37 8mm	0	0	商品ID直接對應	F37  8mm
P0388	Sony 307 1.8mm	0	0	商品ID直接對應	Sony 307 1.8mm
P0458	Sony 307 2.7-13mm	0	0	保留原值	
P0389	Sony 307 2.8mm	0	0	商品ID直接對應	Sony 307 2.8mm
P0459	Sony 307 2.8~12mm	0	0	保留原值	
P0390	Sony 307 3.6mm	0	0	商品ID直接對應	Sony 307 3.6mm
P0391	Sony 307 6mm	0	0	商品ID直接對應	Sony 307 6mm
P0392	Sony 307 8mm	0	0	商品ID直接對應	Sony 307 8mm
P0394	Sony 323 1.8mm	0	0	商品ID直接對應	Sony 323 1.8mm
P0460	Sony 323 2.7-13mm	0	0	保留原值	
P0395	Sony 323 2.8mm	0	0	商品ID直接對應	Sony 323 2.8mm
P0393	Sony 323 2.8~12mm	0	0	商品ID直接對應	Sony 323 2.8~12mm
P0396	Sony 323 3.6mm	175	171	商品ID直接對應	Sony 323 3.6mm
P0397	Sony 323 6mm	0	0	商品ID直接對應	Sony 323 6mm
P0398	Sony 323 8mm	0	0	商品ID直接對應	Sony 323 8mm
P0400	Sony 335 1.8mm	0	0	商品ID直接對應	Sony 335 1.8mm
P0461	Sony 335 2.7-13mm	0	0	保留原值	
P0401	Sony 335 2.8mm	0	0	商品ID直接對應	Sony 335 2.8mm
P0399	Sony 335 2.8~12mm	0	0	商品ID直接對應	Sony 335 2.8~12mm
P0405	Sony 335 2.8~12mm	0	0	商品ID直接對應	Sony 335 2.8~12mm
P0402	Sony 335 3.6mm	0	0	商品ID直接對應	Sony 335 3.6mm
P0463	Sony 335 4mm	0	0	保留原值	
P0403	Sony 335 6mm	0	0	商品ID直接對應	Sony 335 6mm
P0404	Sony 335 8mm	0	0	商品ID直接對應	Sony 335 8mm
P0406	Sony 415 1.8mm	0	0	商品ID直接對應	Sony 415 1.8mm
P0407	Sony 415 2.8mm	0	0	商品ID直接對應	Sony 415 2.8mm
P0411	Sony 415 2.8~12mm	0	0	商品ID直接對應	Sony 415 2.8~12mm
P0408	Sony 415 3.6mm	0	0	商品ID直接對應	Sony 415 3.6mm
P0409	Sony 415 6mm	0	0	商品ID直接對應	Sony 415 6mm
P0410	Sony 415 8mm	0	0	商品ID直接對應	Sony 415 8mm
P0382	V20 1.8mm	0	0	商品ID直接對應	V20  1.8mm
P0454	V20 2.7-13mm	0	0	保留原值	
P0383	V20 2.8mm	201	201	商品ID直接對應	V20 2.8mm
P0387	V20 2.8~12mm	0	0	商品ID直接對應	V20 2.8~12mm
P0384	V20 3.6mm	92	191	商品ID直接對應	V20 3.6mm
P0464	V20 4mm	0	0	保留原值	
P0385	V20 6mm	100	84	商品ID直接對應	V20 6mm
P0386	V20 8mm	104	94	商品ID直接對應	V20 8mm
P0377	V22 1.8mm	0	0	商品ID直接對應	V22 1.8mm
P0378	V22 2.8mm	27	5	商品ID直接對應	V22 2.8mm
P0379	V22 3.6mm	14	14	商品ID直接對應	V22 3.6mm
P0380	V22 6mm	68	68	商品ID直接對應	V22 6mm
P0381	V22 8mm	82	82	商品ID直接對應	V22 8mm
P0351	模組	0	0	商品ID直接對應	模組
V20-DOME-WIDE1P8-2MP-IR-8P-1P8MM	超廣角1.8MM 兩百萬半球形紅外線 8P 攝影機 - V20 1.8mm	0	0	保留原值	
V20-DOME-WIDE1P8-SPECIAL-2MP-IR-8P-1P8MM	超廣角1.8MM專用 兩百萬半球形紅外線 8P 攝影機 - V20 1.8mm	0	0	保留原值	
V20-DOME-IR-18P-2P8MM	V20 半球形紅外線 18P 攝影機 - V20 2.8mm	0	0	保留原值	
V20-DOME-IR-8P-2P8MM	V20 半球形紅外線 8P 攝影機 - V20 2.8mm	0	0	保留原值	
V20-DOME-IR-18P-3P6MM	V20 半球形紅外線 18P 攝影機 - V20 3.6mm	23	20	舊P轉BOM SKU	P0084:20:V20 半球型 紅外線 18P 3.6mm
V20-DOME-IR-8P-3P6MM	V20 半球形紅外線 8P 攝影機 - V20 3.6mm	0	0	保留原值	
V20-DOME-COAXAUDIO-2P-6MM	V20 半球型 紅外線 同軸聲音 6mm	3	3	舊P轉BOM SKU	P0090:3:V20 半球型 紅外線 同軸聲音 6mm
V20-DOME-IR-18P-6MM	V20 半球形紅外線 18P 攝影機 - V20 6mm	0	0	保留原值	
V20-DOME-IR-8P-6MM	V20 半球形紅外線 8P 攝影機 - V20 6mm	0	0	保留原值	
V20-DOME-IR-18P-8MM	V20 半球形紅外線 18P 攝影機 - V20 8mm	0	0	保留原值	
V20-DOME-IR-8P-8MM	V20 半球形紅外線 8P 攝影機 - V20 8mm	0	0	保留原值	
V20-BULLET-WIDE1P8-2MP-IR-8P-1P8MM	超廣角1.8MM 兩百萬槍型紅外線 8P 攝影機 - V20 1.8mm	5	2	舊P轉BOM SKU	P0079:2:V20 槍型 紅外線 8P 1.8mm
V20-BULLET-IR-6P-2P8MM	V20 槍型紅外線 6P 攝影機 - V20 2.8mm	74	73	舊P轉BOM SKU	P0080:72:V20 槍型 紅外線 6P 2.8mm; P0086:1:V20 雪狼機槍型 紅外線 6P 2.8mm
V20-BULLET-IR-8P-2P8MM	V20 槍型紅外線 8P 攝影機 - V20 2.8mm	60	60	舊P轉BOM SKU	P0078:60:V20 槍型紅外線 8P 2.8mm
V20-BULLET-IR-6P-3P6MM	V20 槍型紅外線 6P 攝影機 - V20 3.6mm	44	56	舊P轉BOM SKU	P0081:50:V20 槍型 紅外線 6P 3.6mm; P0085:6:V20 雪狼槍型 紅外線 6P 3.6mm
V20-BULLET-IR-8P-3P6MM	V20 槍型紅外線 8P 攝影機 - V20 3.6mm	44	88	舊P轉BOM SKU	P0077:88:V20 槍型紅外線 8P 3.6mm
V20-BULLET-IR-6P-6MM	V20 槍型紅外線 6P 攝影機 - V20 6mm	114	122	舊P轉BOM SKU	P0082:61:V20 槍型 紅外線 6P 6mm; P0091:61:V20 槍型 紅外線 6P 6mm
V20-BULLET-IR-8P-6MM	V20 槍型紅外線 8P 攝影機 - V20 6mm	0	0	保留原值	
V20-BULLET-IR-6P-8MM	V20 槍型紅外線 6P 攝影機 - V20 8mm	10	12	舊P轉BOM SKU	P0083:11:V20 槍型 紅外線 6P 8mm; P0087:1:V20 雪狼機槍型 紅外線 6P 8mm
V20-BULLET-IR-8P-8MM	V20 槍型紅外線 8P 攝影機 - V20 8mm	0	0	保留原值	
V20-SHIELD-IR-12P-2P7-13MM	V20 防護罩紅外線 12P 攝影機 - V20 2.7-13mm	0	0	保留原值	
V20-SHIELD-IR-12P-2P8-12MM	V20 防護罩紅外線 12P 攝影機 - V20 2.8-12mm	13	12	舊P轉BOM SKU	P0088:12:V20 防護罩 紅外線 2.8-12mm
V20-SHIELD-IR-12P-2P8MM	V20 防護罩紅外線 12P 攝影機 - V20 2.8mm	0	0	保留原值	
V20-SHIELD-IR-12P-3P6MM	V20 防護罩紅外線 12P 攝影機 - V20 3.6mm	0	0	保留原值	
V20-SHIELD-IR-12P-4MM	V20 防護罩 紅外線 4mm	18	18	舊P轉BOM SKU	P0089:18:V20 防護罩 紅外線 4mm
V20-SHIELD-IR-12P-6MM	V20 防護罩紅外線 12P 攝影機 - V20 6mm	0	0	保留原值	
V20-SHIELD-IR-12P-8MM	V20 防護罩紅外線 12P 攝影機 - V20 8mm	0	0	保留原值	
V22-AIO-IR-4P-2P8MM	V22 一體機紅外線 4P 攝影機 - V22 2.8mm	0	0	保留原值	
V22-AIO-YELLOW-4P-2P8MM	V22 一體機黃光 4P 攝影機 - V22 2.8mm	344	344	舊P轉BOM SKU	P0022:200:V22 塑膠一體機 全彩 2.8mm; P0024:144:V22 金屬一體機 全彩 2.8mm
V22-AIO-IR-4P-3P6MM	V22 一體機紅外線 4P 攝影機 - V22 3.6mm	308	308	舊P轉BOM SKU	P0020:250:V22 塑膠一體機 紅外線 3.6mm; P0023:56:V22 金屬一體機 紅外線 3.6mm; P0029:2:V22 一體G 紅外線 同軸聲音3.6mm
V22-AIO-YELLOW-4P-3P6MM	V22 一體機黃光 4P 攝影機 - V22 3.6mm	112	104	舊P轉BOM SKU	P0021:99:V22 塑膠一體機 全彩 3.6mm; P0028:5:V22 一體G 黃光 同軸聲音 3.6mm
V22-AIO-IR-4P-6MM	V22 一體機紅外線 4P 攝影機 - V22 6mm	5	5	舊P轉BOM SKU	P0030:5:V22 一體G 紅外線 同軸聲音 6mm
V22-AIO-YELLOW-4P-6MM	V22 一體機黃光 4P 攝影機 - V22 6mm	4	2	舊P轉BOM SKU	P0027:2:V22 一體G 黃光 同軸聲音 6mm
V22-AIO-IR-4P-8MM	V22 一體機紅外線 4P 攝影機 - V22 8mm	0	0	保留原值	
V22-AIO-YELLOW-4P-8MM	V22 一體機黃光 4P 攝影機 - V22 8mm	0	0	保留原值	
V22-DOME-COAXAUDIO-2P-1P8MM	V22 半球帶聲音 1.8mm	43	43	舊P轉BOM SKU	P0025:43:V22 半球帶聲音 1.8mm
V22-DOME-WIDE1P8-2MP-IR-8P-1P8MM	V22 半球型 紅外線 1.8mm	35	35	舊P轉BOM SKU	P0026:35:V22 半球型 紅外線 1.8mm
V22-DOME-COAXAUDIO-2P-2P8MM	半球形同軸聲音紅外線 2P 攝影機 - V22 2.8mm	0	0	保留原值	
V22-DOME-COAXAUDIO-2P-3P6MM	半球形同軸聲音紅外線 2P 攝影機 - V22 3.6mm	21	19	舊P轉BOM SKU	P0032:19:V22 半球型 紅外線 同軸聲音 3.6mm
V22-DOME-YELLOW-COAXAUDIO-2P-3P6MM	V22 半球型 黃光 同軸聲音 3.6mm	31	31	舊P轉BOM SKU	P0033:31:V22 半球型 黃光 同軸聲音 3.6mm
V22-DOME-COAXAUDIO-2P-6MM	半球形同軸聲音紅外線 2P 攝影機 - V22 6mm	0	0	保留原值	
V22-DOME-COAXAUDIO-2P-8MM	半球形同軸聲音紅外線 2P 攝影機 - V22 8mm	0	0	保留原值	
4653-AIO-IR-4P-2P8MM	4653 一體機紅外線 4P 攝影機 - 4653 2.8mm	0	1	舊P轉BOM SKU	P0067:1:4653 一體機 紅外線 4P 2.8mm
4653-AIO-YELLOW-4P-2P8MM	4653 一體機黃光 4P 攝影機 - 4653 2.8mm	0	10	舊P轉BOM SKU	P0072:10:4653 一體機 黃光 4P 2.8mm
4653-AIO-IR-4P-3P6MM	4653 一體機紅外線 4P 攝影機 - 4653 3.6mm	0	10	舊P轉BOM SKU	P0068:10:4653 一體機 紅外線 4P 3.6mm
4653-AIO-YELLOW-4P-3P6MM	4653 一體機黃光 4P 攝影機 - 4653 3.6mm	0	0	舊P轉BOM SKU	P0073:0:4653 一體機 黃光 4P 3.6mm
4653-AIO-IR-4P-6MM	4653 一體機紅外線 4P 攝影機 - 4653 6mm	0	0	舊P轉BOM SKU	P0069:0:4653 一體機 紅外線 4P 6mm
4653-AIO-YELLOW-4P-6MM	4653 一體機黃光 4P 攝影機 - 4653 6mm	0	10	舊P轉BOM SKU	P0074:10:4653 一體機 黃光 4P 6mm
4653-AIO-IR-4P-8MM	4653 一體機紅外線 4P 攝影機 - 4653 8mm	0	0	舊P轉BOM SKU	P0070:0:4653 一體機 紅外線 4P 8mm
4653-AIO-YELLOW-4P-8MM	4653 一體機黃光 4P 攝影機 - 4653 8mm	0	0	舊P轉BOM SKU	P0075:0:4653 一體機 黃光 4P 8mm
4653-DOME-COAXAUDIO-2P-1P8MM	4653 8MP 半球型 紅外線 同軸聲音 1.8mm	32	32	舊P轉BOM SKU	P0059:32:4653 8MP 半球型 紅外線 同軸聲音 1.8mm
4653-DOME-WIDE1P8-SPECIAL-5MP-IR-8P-1P8MM	超廣角1.8MM專用 五百萬半球形紅外線 8P 攝影機 - 4653 1.8mm	0	0	保留原值	
4653-DOME-COAXAUDIO-2P-2P8MM	半球形同軸聲音紅外線 2P 攝影機 - 4653 2.8mm	3	3	舊P轉BOM SKU	P0060:3:4653 8MP 半球型 紅外線 同軸聲音 2.8mm
4653-DOME-IR-18P-2P8MM	4653 半球形紅外線 18P 攝影機 - 4653 2.8mm	0	0	保留原值	
4653-DOME-COAXAUDIO-2P-3P6MM	半球形同軸聲音紅外線 2P 攝影機 - 4653 3.6mm	4	4	舊P轉BOM SKU	P0061:4:4653 8MP 半球型 紅外線 同軸聲音 3.6mm
4653-DOME-IR-18P-3P6MM	4653 半球形紅外線 18P 攝影機 - 4653 3.6mm	0	0	保留原值	
4653-DOME-COAXAUDIO-2P-6MM	半球形同軸聲音紅外線 2P 攝影機 - 4653 6mm	0	0	保留原值	
4653-DOME-IR-18P-6MM	4653 半球形紅外線 18P 攝影機 - 4653 6mm	0	0	保留原值	
4653-DOME-COAXAUDIO-2P-8MM	半球形同軸聲音紅外線 2P 攝影機 - 4653 8mm	0	0	保留原值	
4653-DOME-IR-18P-8MM	4653 半球形紅外線 18P 攝影機 - 4653 8mm	0	0	保留原值	
4653-BULLET-WIDE1P8-5MP-IR-8P-1P8MM	超廣角1.8MM 五百萬槍型紅外線 8P 攝影機 - 4653 1.8mm	7	7	舊P轉BOM SKU	P0064:7:4653 8MP 槍型 紅外線 8P 1.8mm; P0065:0:4653 槍型 紅外線 8P 1.8mm
4653-BULLET-IR-8P-2P8MM	4653 槍型紅外線 8P 攝影機 - 4653 2.8mm	12	12	舊P轉BOM SKU	P0063:12:4653 5MP 槍型 紅外線 2.8mm
4653-BULLET-IR-8P-3P6MM	4653 槍型紅外線 8P 攝影機 - 4653 3.6mm	18	18	舊P轉BOM SKU	P0058:5:4653 8MP 槍型 紅外線 8P 3.6mm; P0062:13:4653 5MP 槍型 紅外線 3.6mm
4653-BULLET-IR-8P-6MM	4653 槍型紅外線 8P 攝影機 - 4653 6mm	0	0	保留原值	
4653-BULLET-IR-8P-8MM	4653 槍型紅外線 8P 攝影機 - 4653 8mm	0	0	保留原值	
4653-SHIELD-IR-12P-2P7-13MM	4653 防護罩紅外線 12P 攝影機 - 4653 2.7-13mm	0	0	保留原值	
4653-SHIELD-IR-12P-2P8-12MM	4653 防護罩紅外線 12P 攝影機 - 4653 2.8-12mm	0	0	保留原值	
4653-SHIELD-IR-12P-2P8MM	4653 防護罩紅外線 12P 攝影機 - 4653 2.8mm	0	0	保留原值	
4653-SHIELD-IR-12P-3P6MM	4653 防護罩紅外線 12P 攝影機 - 4653 3.6mm	0	0	保留原值	
4653-SHIELD-YELLOW-12P-3P6MM	4653 防護罩 黃光 3.6mm	1	1	舊P轉BOM SKU	P0076:1:4653 防護罩 黃光 3.6mm
4653-SHIELD-IR-12P-6MM	4653 防護罩紅外線 12P 攝影機 - 4653 6mm	0	0	保留原值	
4653-SHIELD-IR-12P-8MM	4653 防護罩紅外線 12P 攝影機 - 4653 8mm	0	0	保留原值	
5083-AIO-IR-4P-2P8MM	5083 一體機紅外線 4P 攝影機 - 5083 2.8mm	0	0	保留原值	
5083-AIO-YELLOW-4P-2P8MM	5083 一體機黃光 4P 攝影機 - 5083 2.8mm	0	0	保留原值	
5083-AIO-IR-4P-3P6MM	5083 一體機紅外線 4P 攝影機 - 5083 3.6mm	28	25	舊P轉BOM SKU	P0107:25:5083 一體G 紅外線 同軸聲音 3.6mm
5083-AIO-YELLOW-4P-3P6MM	5083 一體機黃光 4P 攝影機 - 5083 3.6mm	23	33	舊P轉BOM SKU	P0106:33:5083 一體G 黃光 同軸聲音 4P 3.6mm
5083-AIO-IR-4P-6MM	5083 一體機紅外線 4P 攝影機 - 5083 6mm	0	0	保留原值	
5083-AIO-YELLOW-4P-6MM	5083 一體機黃光 4P 攝影機 - 5083 6mm	2	2	舊P轉BOM SKU	P0105:2:5083 一體G 黃光 同軸聲音 4P 6mm
5083-AIO-IR-4P-8MM	5083 一體機紅外線 4P 攝影機 - 5083 8mm	0	0	保留原值	
5083-AIO-YELLOW-4P-8MM	5083 一體機黃光 4P 攝影機 - 5083 8mm	0	0	保留原值	
5083-DOME-COAXAUDIO-2P-1P8MM	5083 半球型 紅外線 同軸聲音 1.8mm	19	19	舊P轉BOM SKU	P0094:19:5083 半球型 紅外線 同軸聲音 1.8mm
5083-DOME-WIDE1P8-SPECIAL-5MP-IR-8P-1P8MM	超廣角1.8MM專用 五百萬半球形紅外線 8P 攝影機 - 5083 1.8mm	24	24	舊P轉BOM SKU	P0103:24:5083 半球型 紅外線 1.8mm
5083-DOME-COAXAUDIO-2P-2P8MM	半球形同軸聲音紅外線 2P 攝影機 - 5083 2.8mm	2	0	舊P轉BOM SKU	P0095:0:5083 半球型 紅外線 同軸聲音 2.8mm
5083-DOME-IR-18P-2P8MM	5083 半球形紅外線 18P 攝影機 - 5083 2.8mm	12	12	舊P轉BOM SKU	P0093:12:5083 半球型 紅外線 18P 2.8mm
5083-DOME-COAXAUDIO-2P-3P6MM	半球形同軸聲音紅外線 2P 攝影機 - 5083 3.6mm	8	28	舊P轉BOM SKU	P0096:28:5083 半球型 紅外線 同軸聲音 3.6mm
5083-DOME-IR-18P-3P6MM	5083 半球形紅外線 18P 攝影機 - 5083 3.6mm	36	36	舊P轉BOM SKU	P0092:36:5083 半球型 紅外線 18P 3.6mm
5083-DOME-COAXAUDIO-2P-6MM	半球形同軸聲音紅外線 2P 攝影機 - 5083 6mm	0	0	保留原值	
5083-DOME-IR-18P-6MM	5083 半球形紅外線 18P 攝影機 - 5083 6mm	0	0	保留原值	
5083-DOME-COAXAUDIO-2P-8MM	半球形同軸聲音紅外線 2P 攝影機 - 5083 8mm	0	0	保留原值	
5083-DOME-IR-18P-8MM	5083 半球形紅外線 18P 攝影機 - 5083 8mm	0	0	保留原值	
5083-BULLET-WIDE1P8-5MP-IR-8P-1P8MM	超廣角1.8MM 五百萬槍型紅外線 8P 攝影機 - 5083 1.8mm	5	0	舊P轉BOM SKU	P0097:0:5083 槍型 紅外線 8P 1.8mm
5083-BULLET-IR-8P-2P8MM	5083 槍型紅外線 8P 攝影機 - 5083 2.8mm	12	12	舊P轉BOM SKU	P0098:12:5083 槍型 紅外線 8P 2.8mm
5083-BULLET-IR-8P-3P6MM	5083 槍型紅外線 8P 攝影機 - 5083 3.6mm	18	33	舊P轉BOM SKU	P0099:33:5083 槍型 紅外線 8P 3.6mm
5083-BULLET-IR-8P-6MM	5083 槍型紅外線 8P 攝影機 - 5083 6mm	14	19	舊P轉BOM SKU	P0100:19:5083 槍型 紅外線 8P 6mm
5083-BULLET-IR-8P-8MM	5083 槍型紅外線 8P 攝影機 - 5083 8mm	8	9	舊P轉BOM SKU	P0101:9:5083 槍型 紅外線 8P 8mm
5083-SHIELD-IR-12P-2P7-13MM	5083 防護罩紅外線 12P 攝影機 - 5083 2.7-13mm	0	0	保留原值	
5083-SHIELD-IR-12P-2P8-12MM	5083 防護罩紅外線 12P 攝影機 - 5083 2.8-12mm	9	9	舊P轉BOM SKU	P0102:9:5083 防護罩 紅外線 2.8-12mm
5083-SHIELD-IR-12P-2P8MM	5083 防護罩紅外線 12P 攝影機 - 5083 2.8mm	0	0	保留原值	
5083-SHIELD-YELLOW-12P-2P8MM	5083 防護罩 黃光 2.8mm	2	2	舊P轉BOM SKU	P0109:2:5083 防護罩 黃光 2.8mm
5083-SHIELD-IR-12P-3P6MM	5083 防護罩紅外線 12P 攝影機 - 5083 3.6mm	0	0	保留原值	
5083-SHIELD-IR-12P-4MM	5083 防護罩 紅外線 4mm	10	14	舊P轉BOM SKU	P0108:14:5083 防護罩 紅外線 4mm
5083-SHIELD-IR-12P-6MM	5083 防護罩紅外線 12P 攝影機 - 5083 6mm	0	0	保留原值	
5083-SHIELD-IR-12P-8MM	5083 防護罩紅外線 12P 攝影機 - 5083 8mm	0	0	保留原值	
5083-TOPSMOKE-IR-2P5MM	5083 5MP 頂煙型 紅外線 2.5mm	8	8	舊P轉BOM SKU	P0104:8:5083 5MP 頂煙型 紅外線 2.5mm
SONY307-DOME-WIDE1P8-2MP-IR-8P-1P8MM	超廣角1.8MM 兩百萬半球形紅外線 8P 攝影機 - Sony307 1.8mm	0	0	保留原值	
SONY307-DOME-WIDE1P8-SPECIAL-2MP-IR-8P-1P8MM	超廣角1.8MM專用 兩百萬半球形紅外線 8P 攝影機 - Sony307 1.8mm	0	0	保留原值	
SONY307-VANDAL-DOME-2P8-12MM	防爆半球 Sony 307-2441 2.8-12mm	15	15	舊P轉BOM SKU	P0019:15:防爆半球 Sony 307-2441 2.8-12mm
SONY307-DOME-IR-18P-2P8MM	Sony307 半球形紅外線 18P 攝影機 - Sony307 2.8mm	0	0	保留原值	
SONY307-DOME-IR-18P-3P6MM	Sony307 半球形紅外線 18P 攝影機 - Sony307 3.6mm	5	5	舊P轉BOM SKU	P0054:5:Sony 307 星光級 半球型 紅外線 18P 3.6mm
SONY307-DOME-IR-18P-6MM	Sony307 半球形紅外線 18P 攝影機 - Sony307 6mm	0	0	保留原值	
SONY307-DOME-IR-18P-8MM	Sony307 半球形紅外線 18P 攝影機 - Sony307 8mm	0	0	保留原值	
SONY307-BULLET-WIDE1P8-2MP-IR-8P-1P8MM	超廣角1.8MM 兩百萬槍型紅外線 8P 攝影機 - Sony307 1.8mm	0	0	保留原值	
SONY307-BULLET-IR-8P-2P8MM	Sony307 槍型紅外線 8P 攝影機 - Sony307 2.8mm	0	0	保留原值	
SONY307-BULLET-IR-8P-3P6MM	Sony307 槍型紅外線 8P 攝影機 - Sony307 3.6mm	10	10	舊P轉BOM SKU	P0055:10:Sony 307 星光級 槍型 紅外線 V2IR 8P 3.6mm
SONY307-BULLET-IR-8P-6MM	Sony307 槍型紅外線 8P 攝影機 - Sony307 6mm	0	0	保留原值	
SONY307-BULLET-IR-8P-8MM	Sony307 槍型紅外線 8P 攝影機 - Sony307 8mm	0	0	保留原值	
SONY307-SHIELD-IR-12P-2P7-13MM	Sony307 200萬防護罩紅外線 12P 攝影機 - Sony307 2.7-13mm	0	0	保留原值	
SONY307-SHIELD-IR-12P-2P8-12MM	Sony307 200萬防護罩紅外線 12P 攝影機 - Sony307 2.8-12mm	6	6	舊P轉BOM SKU	P0056:4:Sony 307 自動變焦 防護罩 紅外線 2.8-12mm; P0057:2:Sony 307 防護罩 紅外線 2.8-12mm
SONY323-DOME-WIDE1P8-2MP-IR-8P-1P8MM	超廣角1.8MM 兩百萬半球形紅外線 8P 攝影機 - Sony323 1.8mm	0	0	舊P轉BOM SKU	P0053:0:Sony 323 半球型 紅外線 2P 1.8mm
SONY323-DOME-WIDE1P8-SPECIAL-2MP-IR-8P-1P8MM	超廣角1.8MM專用 兩百萬半球形紅外線 8P 攝影機 - Sony323 1.8mm	0	0	保留原值	
SONY323-DOME-IR-18P-2P8MM	Sony323 半球形紅外線 18P 攝影機 - Sony323 2.8mm	0	0	保留原值	
SONY323-DOME-IR-18P-3P6MM	Sony323 半球形紅外線 18P 攝影機 - Sony323 3.6mm	0	0	保留原值	
SONY323-DOME-IR-18P-6MM	Sony323 半球形紅外線 18P 攝影機 - Sony323 6mm	0	0	保留原值	
SONY323-DOME-IR-18P-8MM	Sony323 半球形紅外線 18P 攝影機 - Sony323 8mm	0	0	保留原值	
SONY323-BULLET-WIDE1P8-2MP-IR-8P-1P8MM	超廣角1.8MM 兩百萬槍型紅外線 8P 攝影機 - Sony323 1.8mm	0	0	舊P轉BOM SKU	P0043:0:Sony 323 槍型 紅外線 8P 1.8mm
SONY323-BULLET-IR-6P-2P8MM	Sony 323 槍型 紅外線 6P 2.8mm	0	0	舊P轉BOM SKU	P0047:0:Sony 323 槍型 紅外線 6P 2.8mm
SONY323-BULLET-IR-8P-2P8MM	Sony323 槍型紅外線 8P 攝影機 - Sony323 2.8mm	113	113	舊P轉BOM SKU	P0044:113:Sony 323 槍型 紅外線 8P 2.8mm
SONY323-BULLET-IR-6P-3P6MM	Sony 323 槍型 紅外線 6P 3.6mm	25	25	舊P轉BOM SKU	P0048:25:Sony 323 槍型 紅外線 6P 3.6mm
SONY323-BULLET-IR-8P-3P6MM	Sony323 槍型紅外線 8P 攝影機 - Sony323 3.6mm	20	18	舊P轉BOM SKU	P0045:18:Sony 323 槍型 紅外線 8P 3.6mm
SONY323-BULLET-IR-6P-6MM	Sony 323 槍型 紅外線 6P 6mm	5	5	舊P轉BOM SKU	P0049:5:Sony 323 槍型 紅外線 6P 6mm
SONY323-BULLET-IR-8P-6MM	Sony323 槍型紅外線 8P 攝影機 - Sony323 6mm	62	62	舊P轉BOM SKU	P0042:62:Sony 323 槍型紅外線 8P 6mm
SONY323-BULLET-IR-6P-8MM	Sony 323 槍型 紅外線 6P 8mm	4	4	舊P轉BOM SKU	P0050:4:Sony 323 槍型 紅外線 6P 8mm
SONY323-BULLET-IR-8P-8MM	Sony323 槍型紅外線 8P 攝影機 - Sony323 8mm	24	24	舊P轉BOM SKU	P0046:24:Sony 323 槍型 紅外線 8P 8mm
SONY323-SHIELD-IR-12P-2P7-13MM	Sony323 200萬防護罩紅外線 12P 攝影機 - Sony323 2.7-13mm	0	0	保留原值	
SONY323-SHIELD-IR-12P-2P8-12MM	Sony323 200萬防護罩紅外線 12P 攝影機 - Sony323 2.8-12mm	0	0	保留原值	
SONY323-TOPSMOKE-IR-3P7MM	Sony 323 頂煙型 紅外線 3.7mm	17	17	舊P轉BOM SKU	P0052:17:Sony 323 頂煙型 紅外線 3.7mm
SONY335-DOME-WIDE1P8-SPECIAL-5MP-IR-8P-1P8MM	超廣角1.8MM專用 五百萬半球形紅外線 8P 攝影機 - Sony335 1.8mm	12	12	舊P轉BOM SKU	P0039:12:Sony 335 半球型 紅外線 1.8mm
SONY335-DOME-IR-18P-2P8MM	Sony335 半球形紅外線 18P 攝影機 - Sony335 2.8mm	0	0	保留原值	
SONY335-DOME-IR-18P-3P6MM	Sony335 半球形紅外線 18P 攝影機 - Sony335 3.6mm	8	8	舊P轉BOM SKU	P0038:8:Sony 335 半球型 紅外線 18P 3.6mm
SONY335-DOME-IR-18P-6MM	Sony335 半球形紅外線 18P 攝影機 - Sony335 6mm	0	0	保留原值	
SONY335-DOME-IR-18P-8MM	Sony335 半球形紅外線 18P 攝影機 - Sony335 8mm	0	0	保留原值	
SONY335-BULLET-WIDE1P8-5MP-IR-8P-1P8MM	超廣角1.8MM 五百萬槍型紅外線 8P 攝影機 - Sony335 1.8mm	45	45	舊P轉BOM SKU	P0034:35:Sony 335 槍型 紅外線 8P 1.8mm; P0037:10:Sony 335 槍型 紅外線 8P 1.8mm
SONY335-BULLET-IR-8P-2P8MM	Sony335 槍型紅外線 8P 攝影機 - Sony335 2.8mm	0	0	保留原值	
SONY335-BULLET-IR-6P-3P6MM	Sony 335 槍型 紅外線 6P 3.6mm	17	17	舊P轉BOM SKU	P0035:17:Sony 335 槍型 紅外線 6P 3.6mm
SONY335-BULLET-IR-8P-3P6MM	Sony335 槍型紅外線 8P 攝影機 - Sony335 3.6mm	0	0	保留原值	
SONY335-BULLET-IR-8P-6MM	Sony335 槍型紅外線 8P 攝影機 - Sony335 6mm	0	0	保留原值	
SONY335-BULLET-IR-6P-8MM	Sony 335 槍型 紅外線 6P 8mm	2	2	舊P轉BOM SKU	P0036:2:Sony 335 槍型 紅外線 6P 8mm
SONY335-BULLET-IR-8P-8MM	Sony335 槍型紅外線 8P 攝影機 - Sony335 8mm	0	0	保留原值	
SONY335-SHIELD-IR-12P-2P7-13MM	Sony335 500萬防護罩紅外線 12P 攝影機 - Sony335 2.7-13mm	0	0	保留原值	
SONY335-SHIELD-IR-12P-2P8-12MM	Sony335 500萬防護罩紅外線 12P 攝影機 - Sony335 2.8-12mm	0	0	保留原值	
SONY335-SHIELD-YELLOW-12P-3P6MM	Sony 335 防護罩 黃光 3.6mm	0	0	舊P轉BOM SKU	P0041:0:Sony 335 防護罩 黃光 3.6mm
SONY335-SHIELD-IR-12P-4MM	Sony 335 防護罩 紅外線 4mm	2	7	舊P轉BOM SKU	P0040:7:Sony 335 防護罩 紅外線 4mm
SONY415-DOME-COAXAUDIO-2P-2P8MM	半球形同軸聲音紅外線 2P 攝影機 - Sony415 2.8mm	0	0	保留原值	
SONY415-DOME-COAXAUDIO-2P-3P6MM	半球形同軸聲音紅外線 2P 攝影機 - Sony415 3.6mm	0	0	保留原值	
SONY415-DOME-COAXAUDIO-2P-6MM	半球形同軸聲音紅外線 2P 攝影機 - Sony415 6mm	0	0	保留原值	
SONY415-DOME-COAXAUDIO-2P-8MM	半球形同軸聲音紅外線 2P 攝影機 - Sony415 8mm	0	0	保留原值	
SONY415-BULLET-IR-8P-2P8MM	Sony 415 槍型 2.8mm	10	10	舊P轉BOM SKU	P0017:10:Sony 415 槍型 2.8mm
SONY415-BULLET-IR-8P-3P6MM	Sony 415 槍型 3.6mm	10	10	舊P轉BOM SKU	P0018:10:Sony 415 槍型 3.6mm
F23-BULLET-IR-2P8MM	F23 2MP 槍型 紅外線 2.8mm	7	7	舊P轉BOM SKU	P0110:7:F23 2MP 槍型 紅外線 2.8mm
F23-PINHOLE-IR-3P7MM	F23 星光級 針孔豆干型 紅外線 3.7mm	1	1	舊P轉BOM SKU	P0111:1:F23 星光級 針孔豆干型 紅外線 3.7mm
F23-DISC-IR-1P8MM	F23 星光級 碟型 紅外線 1.8mm	4	4	舊P轉BOM SKU	P0112:4:F23 星光級 碟型 紅外線 1.8mm
BLACKNET-8MP-AIO	黑光網 8MP 一體機	3	3	舊P轉BOM SKU	P0114:3:黑光網 8MP 一體機
BLACKNET-8MP-DOME-3P6MM	黑光網 8MP 半球 3.6mm	8	8	舊P轉BOM SKU	P0016:8:黑光網 8MP 半球 3.6mm
AHD-5X-AF-DOME-2P8-12MM	AHD 5X 自動對焦球型 紅外線 2.8-12mm	1	1	舊P轉BOM SKU	P0113:1:AHD 5X 自動對焦球型 紅外線 2.8-12mm
AHD-2MP-SCREW-PINHOLE	螺絲型針孔攝影機 2MP AHD	7	7	舊P轉BOM SKU	P0262:7:螺絲型針孔攝影機 2MP AHD
