商品ID	目前品名	分類	初始庫存	安全庫存	狀態	舊品名/別名	建立時間	更新時間	商品類型	標準成本
P0001	懶人線	懶人線	5	0	啟用		2026/07/02		一般品	0
P0002	懶人線 5米	懶人線	77	0	啟用		2026/07/02		一般品	0
P0003	懶人線 10米	懶人線	0	0	啟用		2026/07/02		一般品	0
P0004	懶人線 15米	懶人線	148	0	啟用		2026/07/02		一般品	0
P0005	懶人線 20米	懶人線	123	0	啟用		2026/07/02		一般品	0
P0006	懶人線 30米	懶人線	101	0	啟用		2026/07/02		一般品	0
P0007	懶人線 40米	懶人線	0	0	啟用		2026/07/02		一般品	0
P0008	懶人線 5米A	懶人線	308	0	啟用		2026/07/02		一般品	0
P0009	懶人線 10米A	懶人線	31	0	啟用		2026/07/02		一般品	0
P0010	懶人線 15米A	懶人線	196	0	啟用		2026/07/02		一般品	0
P0011	懶人線 20米A	懶人線	228	0	啟用		2026/07/02		一般品	0
P0012	懶人線 30米A	懶人線	72	0	啟用		2026/07/02		一般品	0
P0013	懶人線 40米A	懶人線	74	0	啟用		2026/07/02		一般品	0
P0014	懶人線 50米A	懶人線	16	0	啟用		2026/07/02		一般品	0
P0288	IPC	IPC	0	0	啟用		2026/07/02		一般品	0
P0289	安聯TH-CH256M4CK	IPC	325	0	啟用		2026/07/02		一般品	0
P0290	安聯TH-CH356M4KGB	IPC	8	0	啟用		2026/07/02		一般品	0
P0291	IPC 5MP 車牌辨識	IPC	21	0	啟用		2026/07/02		一般品	0
P0292	IPC 8MP 車牌辨識	IPC	15	0	啟用		2026/07/02		一般品	0
P0293	IPC 戶外型 5MP 戶外型 2.8-12mm	IPC	13	0	啟用		2026/07/02		一般品	0
P0294	IPC 5MP 防護罩 紅外線 2.8-12mm	IPC	13	0	啟用		2026/07/02		一般品	0
P0412	POE	POE	0	0	啟用		2026/07/02		一般品	0
P0413	24路 +2+2 Giga PoE 交換機	POE	5	0	啟用		2026/07/02		一般品	0
P0414	24路 +4+4 Giga PoE 交換機	POE	6	0	啟用		2026/07/02		一般品	0
P0415	16路 +4+4 Giga PoE 交換機	POE	5	0	啟用		2026/07/02		一般品	0
P0416	AP 24路 +4+4 Giga PoE 交換機	POE	2	0	啟用		2026/07/02		一般品	0
P0417	AP 16路 +4+4 Giga PoE 交換機	POE	2	0	啟用		2026/07/02		一般品	0
P0418	光纖轉換器	POE	90	0	啟用		2026/07/02		一般品	0
P0419	24路 +2 Giga 交換機	POE	2	0	啟用		2026/07/02		一般品	0
P0420	16路 +2 Giga 交換機	POE	2	0	啟用		2026/07/02		一般品	0
P0421	16路 +2+1 Giga PoE 交換機	POE	5	0	啟用		2026/07/02		一般品	0
P0422	16路 +2+2 Giga PoE 交換機	POE	5	0	啟用		2026/07/02		一般品	0
P0423	AI 16路 +2+1 Giga PoE 交換機	POE	2	0	啟用		2026/07/02		一般品	0
P0424	4路 +2 Miga PoE 交換機	POE	16	0	啟用		2026/07/02		一般品	0
P0425	8路 +2 Miga PoE 交換機	POE	4	0	啟用		2026/07/02		一般品	0
P0426	AI 8路 +2+2 Giga PoE 交換機	POE	9	0	啟用		2026/07/02		一般品	0
P0427	8路 +2+2 Giga PoE 交換機	POE	6	0	啟用		2026/07/02		一般品	0
P0428	4路 +1 Giga PoE 交換機	POE	9	0	啟用		2026/07/02		一般品	0
P0429	8路 Giga 交換器	POE	6	0	啟用		2026/07/02		一般品	0
P0430	5路 Giga 交換器	POE	2	0	啟用		2026/07/02		一般品	0
P0431	POE 2路中繼站 Giga	POE	31	0	啟用		2026/07/02		一般品	0
P0432	POE 2路中繼站 Mega	POE	98	0	啟用		2026/07/02		一般品	0
P0433	1路 POE交換機 60W	POE	4	0	啟用		2026/07/02		一般品	0
P0434	1路 POE交換機 30W	POE	1	0	啟用		2026/07/02		一般品	0
P0435	8+1路 Mega PoE交換機 外置電源	POE	10	0	啟用		2026/07/02		一般品	0
P0436	4+1+1 Giga PoE交換機 內置電源	POE	5	0	啟用		2026/07/02		一般品	0
P0437	4+2路 Mega PoE交換機 外置電源	POE	29	0	啟用		2026/07/02		一般品	0
P0438	AI 4+2+1 Giga PoE交換機	POE	11	0	啟用		2026/07/02		一般品	0
P0439	AP 8路+2+2 Giga PoE交換機	POE	5	0	啟用		2026/07/02		一般品	0
P0440	AP 4路+2+1 Giga PoE交換機	POE	3	0	啟用		2026/07/02		一般品	0
P0441	8路 2+1 Giga PoE交換機	POE	1	0	啟用		2026/07/02		一般品	0
P0442	無線網橋 5.8G	POE	10	0	啟用		2026/07/02		一般品	0
P0443	無線網橋 2.4G	POE	8	0	啟用		2026/07/02		一般品	0
P0444	無線網橋 5公里 2台一組	POE	3	0	啟用		2026/07/02		一般品	0
P0445	無線吸頂 AP	POE	6	0	啟用		2026/07/02		一般品	0
P0446	WiFi 路由器	POE	6	0	啟用		2026/07/02		一般品	0
P0447	POE 電源 52V 2.5A	POE	25	0	啟用		2026/07/02		一般品	0
P0448	IPC POE 分離器（52V）	POE	32	0	啟用		2026/07/02		一般品	0
P0449	IPC POE 分離器（12V）	POE	100	0	啟用		2026/07/02		一般品	0
P0265	主機	主機	0	0	啟用		2026/07/02		一般品	0
P0266	雄邁 DVR主機 四路主機	主機	0	0	啟用		2026/07/03		一般品	0
P0267	雄邁 DVR主機 八路主機	主機	0	0	啟用		2026/07/03		一般品	0
P0268	雄邁 DVR主機 十六路主機	主機	2	0	啟用		2026/07/02		一般品	0
P0269	AVTECH DVR主機 2017ATXI	主機	5	0	啟用		2026/07/02		一般品	0
P0270	宇視 DVR主機 6116T	主機	4	0	啟用		2026/07/02		一般品	0
P0271	宇視 DVR主機 6108T	主機	1	0	啟用		2026/07/02		一般品	0
P0272	宇視 DVR主機 6104T	主機	1	0	啟用		2026/07/02		一般品	0
P0273	九安 DVR主機 5204-AHD	主機	1	0	啟用		2026/07/02		一般品	0
P0274	九安 DVR主機 5116-AHD	主機	2	0	啟用		2026/07/02		一般品	0
P0275	AVTECH DVR主機 1005AX	主機	14	0	啟用		2026/07/02		一般品	0
P0276	AVTECH DVR主機 1009AIXI	主機	16	0	啟用		2026/07/02		一般品	0
P0277	昇銳 四路 DVR主機 HU-4311	主機	0	0	啟用		2026/07/02		一般品	0
P0278	安聯 四路 DVR主機 TH-D7104	主機	17	0	啟用		2026/07/02		一般品	0
P0279	安聯 四路 DVR主機 TH-D8104	主機	19	0	啟用		2026/07/02		一般品	0
P0280	安聯 八路 DVR主機 TH-D7208	主機	9	0	啟用		2026/07/02		一般品	0
P0281	安聯 八路 NVR主機 TH-N7508	主機	9	0	啟用		2026/07/02		一般品	0
P0282	安聯 16路 NVR主機 TH-N2016G	主機	5	0	啟用		2026/07/02		一般品	0
P0283	安聯 16路 NVR主機 TH-N2016Q	主機	1	0	啟用		2026/07/02		一般品	0
P0284	哈柏 4路 DVR主機 ATR504HN-H	主機	0	0	啟用		2026/07/02		一般品	0
P0285	哈柏 8路 DVR主機 ATR508HN-H	主機	5	0	啟用		2026/07/02		一般品	0
P0286	哈柏 16路 DVR主機 ATR562HN-H	主機	5	0	啟用		2026/07/02		一般品	0
P0287	安聯 32路 DVR主機 TH-D8132Q	主機	14	0	啟用		2026/07/02		一般品	0
P0151	支架	支架	0	0	啟用		2026/07/02		一般品	0
P0152	路燈U型支架 GL218	支架	7	0	啟用		2026/07/02		一般品	0
P0153	電線桿支架 GL21M	支架	12	0	啟用		2026/07/02		一般品	0
P0154	葉帶型電線桿支架	支架	1	0	啟用		2026/07/02		一般品	0
P0155	H鋼夾	支架	263	0	啟用		2026/07/02		一般品	0
P0156	H鋼夾 大	支架	29	0	啟用		2026/07/02		一般品	0
P0157	槍型頭 大	支架	43	0	啟用		2026/07/02		一般品	0
P0158	橫桿支架	支架	50	0	啟用		2026/07/02		一般品	0
P0159	槍型支架 30-60米 白色	支架	34	0	啟用		2026/07/02		一般品	0
P0160	槍型支架 60-120米 白色	支架	63	0	啟用		2026/07/02		一般品	0
P0161	槍型支架 100-200米 白色	支架	127	0	啟用		2026/07/02		一般品	0
P0162	槍型支架 150-300米 白色	支架	8	0	啟用		2026/07/02		一般品	0
P0163	槍型支架 30-60米 黑色	支架	45	0	啟用		2026/07/02		一般品	0
P0164	槍型支架 60-120米 黑色	支架	5	0	啟用		2026/07/02		一般品	0
P0165	槍型支架 100-200米 黑色	支架	0	0	啟用		2026/07/02		一般品	0
P0166	槍型支架 150-300米 黑色	支架	0	0	啟用		2026/07/02		一般品	0
P0167	半球支架 30-60米 白色	支架	6	0	啟用		2026/07/02		一般品	0
P0168	半球支架 60-120米 白色	支架	25	0	啟用		2026/07/02		一般品	0
P0169	半球支架 100-200米 白色	支架	20	0	啟用		2026/07/02		一般品	0
P0170	半球支架 150-300米 白色	支架	10	0	啟用		2026/07/02		一般品	0
P0171	半球支架 30-60米 黑色	支架	41	0	啟用		2026/07/02		一般品	0
P0172	半球支架 60-120米 黑色	支架	28	0	啟用		2026/07/02		一般品	0
P0173	半球支架 100-200米 黑色	支架	9	0	啟用		2026/07/02		一般品	0
P0174	半球支架 150-300米 黑色	支架	10	0	啟用		2026/07/02		一般品	0
P0175	J型固定支架 15米	支架	60	0	啟用		2026/07/02		一般品	0
P0176	J型固定支架 40米	支架	74	0	啟用		2026/07/02		一般品	0
P0177	J型固定支架 30米	支架	218	0	啟用		2026/07/02		一般品	0
P0178	L型支架 30-60米	支架	37	0	啟用		2026/07/02		一般品	0
P0179	J型支架 30-60米	支架	91	0	啟用		2026/07/02		一般品	0
P0180	U型支架 30-60米	支架	76	0	啟用		2026/07/02		一般品	0
P0181	I型固定支架 20米	支架	10	0	啟用		2026/07/02		一般品	0
P0182	I型固定支架 30米	支架	11	0	啟用		2026/07/02		一般品	0
P0183	不鏽鋼固定支架 30米	支架	64	0	啟用		2026/07/02		一般品	0
P0184	牆角橫桿雙接支架 60米	支架	8	0	啟用		2026/07/02		一般品	0
P0185	銀色支架 100-200米	支架	56	0	啟用		2026/07/02		一般品	0
P0186	I型固定支架 60米	支架	25	0	啟用		2026/07/02		一般品	0
P0187	U型支架 100-200米	支架	13	0	啟用		2026/07/02		一般品	0
P0188	J型支架 100-200米	支架	38	0	啟用		2026/07/02		一般品	0
P0189	U型支架 60-120米	支架	15	0	啟用		2026/07/02		一般品	0
P0190	J型支架 60-120米	支架	14	0	啟用		2026/07/02		一般品	0
P0191	L型半球支架 小	支架	86	0	啟用		2026/07/02		一般品	0
P0192	L型半球支架 大	支架	51	0	啟用		2026/07/02		一般品	0
P0193	不鏽鋼支架 100-200 2英吋	支架	11	0	啟用		2026/07/02		一般品	0
P0194	不鏽鋼支架 100-200 1英吋	支架	8	0	啟用		2026/07/02		一般品	0
P0195	不鏽鋼支架 60-120 1英吋	支架	15	0	啟用		2026/07/02		一般品	0
P0196	不鏽鋼支架 150-300 2英吋	支架	10	0	啟用		2026/07/02		一般品	0
P0197	不鏽鋼支架 60-120 2英吋	支架	5	0	啟用		2026/07/02		一般品	0
P0198	不鏽鋼支架 30-60 2英吋	支架	17	0	啟用		2026/07/02		一般品	0
P0199	不鏽鋼支架 30-60 1英吋	支架	3	0	啟用		2026/07/02		一般品	0
P0200	銀色支架 60-120	支架	4	0	啟用		2026/07/02		一般品	0
P0201	銀色支架 20-40	支架	152	0	啟用		2026/07/02		一般品	0
P0202	銀色支架 30-60	支架	33	0	啟用		2026/07/02		一般品	0
P0203	銀色支架 40-80	支架	6	0	啟用		2026/07/02		一般品	0
P0204	不鏽鋼橫桿支架 30-60	支架	1	0	啟用		2026/07/02		一般品	0
P0205	A02 小支架	支架	690	0	啟用		2026/07/02		一般品	0
P0128	線材	線材	0	0	啟用		2026/07/02		一般品	0
P0129	BNC 防水絞線	線材	270	0	啟用		2026/07/02		一般品	0
P0130	日本磁芯 絞線	線材	527	0	啟用		2026/07/02		一般品	0
P0131	POE 專用線	線材	57	0	啟用		2026/07/02		一般品	0
P0132	VGA 電腦線	線材	67	0	啟用		2026/07/02		一般品	0
P0133	BNC 絞線	線材	4422	0	啟用		2026/07/02		一般品	0
P0134	F頭 絞線	線材	63	0	啟用		2026/07/02		一般品	0
P0135	1米 BNC 跳線	線材	274	0	啟用		2026/07/02		一般品	0
P0136	2米 BNC 跳線	線材	130	0	啟用		2026/07/02		一般品	0
P0137	公母插頭	線材	92	0	啟用		2026/07/02		一般品	0
P0138	DC母線	線材	2218	0	啟用		2026/07/02		一般品	0
P0139	DC公線	線材	320	0	啟用		2026/07/02		一般品	0
P0140	DC一分三公線	線材	560	0	啟用		2026/07/02		一般品	0
P0141	F頭避雷線	線材	1350	0	啟用		2026/07/02		一般品	0
P0142	4K HDMI 光纖延長線 10米	線材	4	0	啟用		2026/07/02		一般品	0
P0143	4K HDMI 光纖延長線 20米	線材	5	0	啟用		2026/07/02		一般品	0
P0144	4K HDMI 光纖延長線 30米	線材	1	0	啟用		2026/07/02		一般品	0
P0145	AHD 4路被動絞線傳輸器	線材	20	0	啟用		2026/07/02		一般品	0
P0146	VGA 延長線 5米	線材	7	0	啟用		2026/07/02		一般品	0
P0147	VGA 延長線 10米	線材	5	0	啟用		2026/07/02		一般品	0
P0148	VGA 延長線 15米	線材	1	0	啟用		2026/07/02		一般品	0
P0149	VGA 延長線 20米	線材	2	0	啟用		2026/07/02		一般品	0
P0150	VGA 延長線 70米	線材	1	0	啟用		2026/07/02		一般品	0
P0115	防水盒	防水盒	-5	0	啟用		2026/07/02		一般品	0
P0116	圓形防水盒 白	防水盒	32	0	啟用		2026/07/02		一般品	0
P0117	圓形防水盒 黑	防水盒	34	0	啟用		2026/07/02		一般品	0
P0118	方形防水盒 MIT 白	防水盒	151	0	啟用		2026/07/02		一般品	0
P0119	方形防水盒 MIT 黑	防水盒	10	0	啟用		2026/07/02		一般品	0
P0120	方形小防水盒 MIT 白	防水盒	630	0	啟用		2026/07/02		一般品	0
P0121	弱電防水盒 110x100x45 700B	防水盒	48	0	啟用		2026/07/02		一般品	0
P0122	弱電防水盒 200x190x80 700C	防水盒	9	0	啟用		2026/07/02		一般品	0
P0123	弱電防水盒 170x160x65 7D	防水盒	61	0	啟用		2026/07/02		一般品	0
P0124	弱電防水盒 260x230x80 800B	防水盒	39	0	啟用		2026/07/02		一般品	0
P0125	長形防水盒	防水盒	28	0	啟用		2026/07/02		一般品	0
P0126	大陸防水盒	防水盒	34	0	啟用		2026/07/02		一般品	0
P0127	防護罩定位盒	防水盒	257	0	啟用		2026/07/02		一般品	0
P0206	雜項	雜項	-2	0	啟用		2026/07/02		一般品	0
P0207	AHD 四路分配器	雜項	21	0	啟用		2026/07/02		一般品	0
P0208	HDMI轉VGA轉換器	雜項	5	0	啟用		2026/07/02		一般品	0
P0209	HDMI影像捕獲帶環路	雜項	5	0	啟用		2026/07/02		一般品	0
P0210	AHD光纖4路轉換器	雜項	2	0	啟用		2026/07/02		一般品	0
P0211	4合一兩路擴充器	雜項	5	0	啟用		2026/07/02		一般品	0
P0212	AHD兩路擴充器	雜項	15	0	啟用		2026/07/02		一般品	0
P0213	4合一四路擴充器	雜項	24	0	啟用		2026/07/02		一般品	0
P0214	IP轉同軸轉換器	雜項	4	0	啟用		2026/07/02		一般品	0
P0215	IP轉同軸轉換器帶POE	雜項	6	0	啟用		2026/07/02		一般品	0
P0216	AHD轉USB3.0解析卡	雜項	2	0	啟用		2026/07/02		一般品	0
P0217	AHD同軸抗干擾器	雜項	6	0	啟用		2026/07/02		一般品	0
P0218	IPC 五合一 工程寶	雜項	3	0	啟用		2026/07/02		一般品	0
P0219	AHD 四合一 工程寶	雜項	3	0	啟用		2026/07/02		一般品	0
P0220	218A 電線桿夾具	雜項	10	0	啟用		2026/07/02		一般品	0
P0221	7吋電視螢幕	雜項	11	0	啟用		2026/07/02		一般品	0
P0222	AV轉VGA轉換器	雜項	9	0	啟用		2026/07/02		一般品	0
P0223	VGA兩路分配器	雜項	5	0	啟用		2026/07/02		一般品	0
P0224	VGA四路分配器	雜項	12	0	啟用		2026/07/02		一般品	0
P0225	VGA延長器 10米	雜項	5	0	啟用		2026/07/02		一般品	0
P0226	VGA延長器 30米	雜項	2	0	啟用		2026/07/02		一般品	0
P0227	HDMI延長器 60米	雜項	1	0	啟用		2026/07/02		一般品	0
P0228	VGA延長器 100米	雜項	2	0	啟用		2026/07/02		一般品	0
P0229	VGA延長器 KVM 300米	雜項	7	0	啟用		2026/07/02		一般品	0
P0230	PoE避雷器	雜項	97	0	啟用		2026/07/02		一般品	0
P0231	感應燈	雜項	53	0	啟用		2026/07/02		一般品	0
P0232	HDMI 延長器 150M	雜項	4	0	啟用		2026/07/02		一般品	0
P0233	HDMI 延長器 100M	雜項	1	0	啟用		2026/07/02		一般品	0
P0234	HDMI 延長器 60M	雜項	1	0	啟用		2026/07/02		一般品	0
P0235	HDMI 延長器 30M	雜項	22	0	啟用		2026/07/02		一般品	0
P0236	HDMI 延長器 KVM 200M	雜項	2	0	啟用		2026/07/02		一般品	0
P0237	HDMI 4進1 KVM 切換器	雜項	3	0	啟用		2026/07/02		一般品	0
P0238	HDMI 1分8 分配器	雜項	5	0	啟用		2026/07/02		一般品	0
P0239	HDMI 5進1 切換器	雜項	7	0	啟用		2026/07/02		一般品	0
P0240	HDMI 4進2 切換器	雜項	3	0	啟用		2026/07/02		一般品	0
P0241	AV轉HDMI 切換器	雜項	4	0	啟用		2026/07/02		一般品	0
P0242	HDMI 2進1 KVM 切換器	雜項	7	0	啟用		2026/07/02		一般品	0
P0243	HDMI 無線延長器 60M	雜項	3	0	啟用		2026/07/02		一般品	0
P0244	AHD 放大器	雜項	6	0	啟用		2026/07/02		一般品	0
P0245	LED 補光燈	雜項	2	0	啟用		2026/07/02		一般品	0
P0246	VGA 轉 AV 轉換器	雜項	13	0	啟用		2026/07/02		一般品	0
P0247	PVA 網路線帶電轉換器	雜項	39	0	啟用		2026/07/02		一般品	0
P0248	AHD 主動絞線傳輸器（R）	雜項	52	0	啟用		2026/07/02		一般品	0
P0249	AHD 主動絞線傳輸器（T）	雜項	50	0	啟用		2026/07/02		一般品	0
P0250	紅外線感應器	雜項	3	0	啟用		2026/07/02		一般品	0
P0251	KVM HDMI 連接線	雜項	45	0	啟用		2026/07/02		一般品	0
P0252	AHD 四路分配器	雜項	21	0	啟用		2026/07/02		一般品	0
P0253	IP 轉同軸轉接器	雜項	2	0	啟用		2026/07/02		一般品	0
P0254	BNC 快速接頭	雜項	700	0	啟用		2026/07/02		一般品	0
P0255	HDMI 30米不帶電延長器	雜項	30	0	啟用		2026/07/02		一般品	0
P0256	老鼠 Mic	雜項	174	0	啟用		2026/07/02		一般品	0
P0257	同軸帶電源 PVT	雜項	15	0	啟用		2026/07/02		一般品	0
P0258	IPC Mic	雜項	16	0	啟用		2026/07/02		一般品	0
P0259	方盒 Mic	雜項	9	0	啟用		2026/07/02		一般品	0
P0260	鏡頭式 Mic	雜項	11	0	啟用		2026/07/02		一般品	0
P0261	高爾夫球式 Mic	雜項	63	0	啟用		2026/07/02		一般品	0
P0263	HDMI 中接	雜項	17	0	啟用		2026/07/02		一般品	0
P0264	HDMI 轉 AHD 轉換器	雜項	7	0	啟用		2026/07/02		一般品	0
P0051	Sony 323 一體機 1.8mm	一體機攝影機	77	0	啟用		2026/07/02		一般品	0
P0066	4653 一體機 紅外線 4P 1.8mm	一體機攝影機	0	0	啟用		2026/07/02		一般品	0
P0071	4653 一體機 黃光 4P 1.8mm	一體機攝影機	0	0	啟用		2026/07/02		一般品	0
P0031	V22 紅外線 同軸聲音 3.6mm	其他監視器	28	0	啟用		2026/07/02		一般品	0
P0338	燈板	燈板	0	0	啟用		2026/07/02		一般品	0
P0340	6燈黃光燈板	燈板	470	0	啟用		2026/07/02		一般品	0
P0342	8燈黃光燈板	燈板	484	0	啟用		2026/07/02		一般品	0
P0345	一體G白光燈板	燈板	200	0	啟用		2026/07/02		一般品	0
P0347	防護罩12燈黃光燈板	燈板	10	0	啟用		2026/07/02		一般品	0
P0348	1.8 2燈紅外線燈板	燈板	505	0	啟用		2026/07/02		一般品	0
P0349	帶聲半球 2燈紅外線燈板	燈板	295	0	啟用		2026/07/02		一般品	0
P0295	材料	材料	0	0	啟用		2026/07/02		材料	0
P0296	BY08 翻蓋槍機 銀	材料	275	0	啟用		2026/07/02		材料	0
P0297	BY08 翻蓋槍機 白	材料	88	0	啟用		2026/07/02		材料	0
P0298	BY08 翻蓋槍機 黑	材料	0	0	啟用		2026/07/02		材料	0
P0299	BY08 翻蓋槍機 玻璃	材料	443	0	啟用		2026/07/02		材料	0
P0300	BY08 翻蓋槍機 L型模組固定支架	材料	320	0	啟用		2026/07/02		材料	0
P0301	BY08 翻蓋槍機 玻璃固定圓環 銀	材料	238	0	啟用		2026/07/02		材料	0
P0302	BY08 翻蓋槍機 玻璃固定圓環 白	材料	53	0	啟用		2026/07/02		材料	0
P0303	BY08 翻蓋槍機 玻璃固定圓環 黑	材料	27	0	啟用		2026/07/02		材料	0
P0304	BY08 翻蓋槍機 防水墊圈	材料	390	0	啟用		2026/07/02		材料	0
P0305	CY-001 槍體 白	材料	1496	0	啟用		2026/07/02		材料	0
P0306	CY-001 前蓋玻璃 白	材料	1481	0	啟用		2026/07/02		材料	0
P0307	CY-001 防雨罩 白	材料	1483	0	啟用		2026/07/02		材料	0
P0308	CY-001 槍體 黑	材料	245	0	啟用		2026/07/02		材料	0
P0309	CY-001 前蓋玻璃 黑	材料	245	0	啟用		2026/07/02		材料	0
P0310	CY-001 防雨罩 黑	材料	245	0	啟用		2026/07/02		材料	0
P0311	CY-001 膠圈	材料	1678	0	啟用		2026/07/02		材料	0
P0312	CY-002 303光面半球 球體	材料	786	0	啟用		2026/07/02		材料	0
P0313	CY-002 303光面半球 圓形玻璃	材料	992	0	啟用		2026/07/02		材料	0
P0314	CY-003 一體機主體 騰慶	材料	514	0	啟用		2026/07/02		材料	0
P0315	CY-003 一體機主體 黑	材料	62	0	啟用		2026/07/02		材料	0
P0316	CY-003 一體機主體 白	材料	329	0	啟用		2026/07/02		材料	0
P0317	CY-003 一體機附件 白	材料	863	0	啟用		2026/07/02		材料	0
P0318	CY-003 一體機附件 黑	材料	98	0	啟用		2026/07/02		材料	0
P0319	CY-004 1.8mm專用槍體	材料	119	0	啟用		2026/07/02		材料	0
P0320	CY-004 玻璃	材料	120	0	啟用		2026/07/02		材料	0
P0321	CY-004 前蓋圓環	材料	120	0	啟用		2026/07/02		材料	0
P0322	CY-004 防雨罩	材料	120	0	啟用		2026/07/02		材料	0
P0323	CY-005 1.8mm專用球體	材料	184	0	啟用		2026/07/02		材料	0
P0324	CY-005 銀色球蓋	材料	167	0	啟用		2026/07/02		材料	0
P0325	CY-006 帶聲音球體	材料	196	0	啟用		2026/07/02		材料	0
P0326	CY-006 騰慶 TQ	材料	54	0	啟用		2026/07/02		材料	0
P0327	CY-007 防護罩槍體	材料	312	0	啟用		2026/07/02		材料	0
P0328	CY-007 騰慶 TQ	材料	12	0	啟用		2026/07/02		材料	0
P0329	CY-007 大口徑	材料	0	0	啟用		2026/07/02		材料	0
P0330	CY-008 騰慶 TQ 黑面半球	材料	16	0	啟用		2026/07/02		材料	0
P0331	防護罩支架	材料	167	0	啟用		2026/07/02		材料	0
P0332	防護罩支架 圓柱型	材料	46	0	啟用		2026/07/02		材料	0
P0333	防護罩支架 網路專用	材料	100	0	啟用		2026/07/02		材料	0
P0334	五芯線	材料	1461	0	啟用		2026/07/02		材料	0
P0335	五芯線帶螺紋	材料	109	0	啟用		2026/07/02		材料	0
P0336	指撥線	材料	2763	0	啟用		2026/07/02		材料	0
P0337	指撥線帶螺紋	材料	0	0	啟用		2026/07/02		材料	0
P0450	CY-004 超廣角1.8MM專用槍體	材料	0	0	啟用		2026/07/15		材料	0
P0451	CY-005 超廣角1.8MM專用球體	材料	0	0	啟用		2026/07/15		材料	0
P0452	CY-006 同軸聲音球體	材料	0	0	啟用		2026/07/15		材料	0
P0453	CY-007定位盒	材料	0	0	啟用		2026/07/15		材料	0
P0462	暫時材料	材料	105	0	啟用	系統自動建立，供未確認BOM料件暫時使用	2026/07/16	2026/07/16	材料	0
P0339	6燈紅外線燈板	燈板	207	0	啟用		2026/07/02	2026/07/16	材料	0
P0341	8燈紅外線燈板	燈板	514	0	啟用		2026/07/02	2026/07/16	材料	0
P0343	一體G紅外線燈板	燈板	230	0	啟用		2026/07/02	2026/07/16	材料	0
P0344	一體G黃光燈板	燈板	141	0	啟用		2026/07/02	2026/07/16	材料	0
P0346	防護罩12燈紅外線燈板	燈板	35	0	啟用		2026/07/02	2026/07/16	材料	0
P0350	18燈紅外線燈板	燈板	850	0	啟用		2026/07/02	2026/07/16	材料	0
P0371	4653 1.8mm	模組	0	0	啟用		2026/07/02		模組	0
P0455	4653 2.7-13mm	模組	0	0	啟用		2026/07/15		模組	0
P0376	4653 2.8-12mm	模組	60	0	啟用		2026/07/02		模組	0
P0372	4653 2.8mm	模組	15	0	啟用		2026/07/02		模組	0
P0373	4653 3.6mm	模組	117	0	啟用		2026/07/02		模組	0
P0374	4653 6mm	模組	58	0	啟用		2026/07/02		模組	0
P0375	4653 8mm	模組	120	0	啟用		2026/07/02		模組	0
P0365	5083 1.8mm	模組	39	0	啟用		2026/07/02		模組	0
P0364	5083 2.7-13mm	模組	90	0	啟用		2026/07/02		模組	0
P0370	5083 2.8-12mm	模組	42	0	啟用		2026/07/02		模組	0
P0366	5083 2.8mm	模組	146	0	啟用		2026/07/02		模組	0
P0367	5083 3.6mm	模組	334	0	啟用		2026/07/02		模組	0
P0465	5083 4mm	模組	0	0	啟用		2026/07/16	2026/07/16	模組	0
P0368	5083 6mm	模組	18	0	啟用		2026/07/02		模組	0
P0369	5083 8mm	模組	43	0	啟用		2026/07/02		模組	0
P0352	F23 1.8mm	模組	0	0	啟用		2026/07/02		模組	0
P0353	F23 2.8mm	模組	0	0	啟用		2026/07/02		模組	0
P0357	F23 2.8~12mm	模組	0	0	啟用		2026/07/02		模組	0
P0354	F23 3.6mm	模組	0	0	啟用		2026/07/02		模組	0
P0355	F23 6mm	模組	0	0	啟用		2026/07/02		模組	0
P0356	F23 8mm	模組	0	0	啟用		2026/07/02		模組	0
P0358	F37 1.8mm	模組	0	0	啟用		2026/07/02		模組	0
P0359	F37 2.8mm	模組	0	0	啟用		2026/07/02		模組	0
P0363	F37 2.8~12mm	模組	0	0	啟用		2026/07/02		模組	0
P0360	F37 3.6mm	模組	0	0	啟用		2026/07/02		模組	0
P0361	F37 6mm	模組	0	0	啟用		2026/07/02		模組	0
P0362	F37 8mm	模組	0	0	啟用		2026/07/02		模組	0
P0388	Sony 307 1.8mm	模組	0	0	啟用		2026/07/02		模組	0
P0458	Sony 307 2.7-13mm	模組	0	0	啟用		2026/07/15		模組	0
P0389	Sony 307 2.8mm	模組	0	0	啟用		2026/07/02		模組	0
P0459	Sony 307 2.8~12mm	模組	0	0	啟用		2026/07/15		模組	0
P0390	Sony 307 3.6mm	模組	0	0	啟用		2026/07/02		模組	0
P0391	Sony 307 6mm	模組	0	0	啟用		2026/07/02		模組	0
P0392	Sony 307 8mm	模組	0	0	啟用		2026/07/02		模組	0
P0394	Sony 323 1.8mm	模組	0	0	啟用		2026/07/02		模組	0
P0460	Sony 323 2.7-13mm	模組	0	0	啟用		2026/07/15		模組	0
P0395	Sony 323 2.8mm	模組	0	0	啟用		2026/07/02		模組	0
P0393	Sony 323 2.8~12mm	模組	0	0	啟用		2026/07/02		模組	0
P0396	Sony 323 3.6mm	模組	171	0	啟用		2026/07/02		模組	0
P0397	Sony 323 6mm	模組	0	0	啟用		2026/07/02		模組	0
P0398	Sony 323 8mm	模組	0	0	啟用		2026/07/02		模組	0
P0400	Sony 335 1.8mm	模組	0	0	啟用		2026/07/02		模組	0
P0461	Sony 335 2.7-13mm	模組	0	0	啟用		2026/07/15		模組	0
P0401	Sony 335 2.8mm	模組	0	0	啟用		2026/07/02		模組	0
P0399	Sony 335 2.8~12mm	模組	0	0	啟用		2026/07/02		模組	0
P0405	Sony 335 2.8~12mm	模組	0	0	啟用		2026/07/02		模組	0
P0402	Sony 335 3.6mm	模組	0	0	啟用		2026/07/02		模組	0
P0463	Sony 335 4mm	模組	0	0	啟用		2026/07/16	2026/07/16	模組	0
P0403	Sony 335 6mm	模組	0	0	啟用		2026/07/02		模組	0
P0404	Sony 335 8mm	模組	0	0	啟用		2026/07/02		模組	0
P0406	Sony 415 1.8mm	模組	0	0	啟用		2026/07/02		模組	0
P0407	Sony 415 2.8mm	模組	0	0	啟用		2026/07/02		模組	0
P0411	Sony 415 2.8~12mm	模組	0	0	啟用		2026/07/02		模組	0
P0408	Sony 415 3.6mm	模組	0	0	啟用		2026/07/02		模組	0
P0409	Sony 415 6mm	模組	0	0	啟用		2026/07/02		模組	0
P0410	Sony 415 8mm	模組	0	0	啟用		2026/07/02		模組	0
P0382	V20 1.8mm	模組	0	0	啟用		2026/07/02		模組	0
P0454	V20 2.7-13mm	模組	0	0	啟用		2026/07/15		模組	0
P0383	V20 2.8mm	模組	201	0	啟用		2026/07/02		模組	0
P0387	V20 2.8~12mm	模組	0	0	啟用		2026/07/02		模組	0
P0384	V20 3.6mm	模組	191	0	啟用		2026/07/02		模組	0
P0464	V20 4mm	模組	0	0	啟用		2026/07/16	2026/07/16	模組	0
P0385	V20 6mm	模組	84	0	啟用		2026/07/02		模組	0
P0386	V20 8mm	模組	94	0	啟用		2026/07/02		模組	0
P0377	V22 1.8mm	模組	0	0	啟用		2026/07/02		模組	0
P0378	V22 2.8mm	模組	5	0	啟用		2026/07/02		模組	0
P0379	V22 3.6mm	模組	14	0	啟用		2026/07/02		模組	0
P0380	V22 6mm	模組	68	0	啟用		2026/07/02		模組	0
P0381	V22 8mm	模組	82	0	啟用		2026/07/02		模組	0
P0351	模組	模組	0	0	啟用		2026/07/02		模組	0
V20-DOME-WIDE1P8-2MP-IR-8P-1P8MM	超廣角1.8MM 兩百萬半球形紅外線 8P 攝影機 - V20 1.8mm	半球攝影機	0	0	啟用		2026/07/14	2026/07/14	成品	0
V20-DOME-WIDE1P8-SPECIAL-2MP-IR-8P-1P8MM	超廣角1.8MM專用 兩百萬半球形紅外線 8P 攝影機 - V20 1.8mm	半球攝影機	0	0	啟用		2026/07/14	2026/07/14	成品	0
V20-DOME-IR-18P-2P8MM	V20 半球形紅外線 18P 攝影機 - V20 2.8mm	半球攝影機	0	0	啟用		2026/07/14	2026/07/14	成品	0
V20-DOME-IR-8P-2P8MM	V20 半球形紅外線 8P 攝影機 - V20 2.8mm	半球攝影機	0	0	啟用		2026/07/14	2026/07/14	成品	0
V20-DOME-IR-18P-3P6MM	V20 半球形紅外線 18P 攝影機 - V20 3.6mm	半球攝影機	20	0	啟用	承接舊P庫存:P0084=20	2026/07/14	2026/07/16	成品	0
V20-DOME-IR-8P-3P6MM	V20 半球形紅外線 8P 攝影機 - V20 3.6mm	半球攝影機	0	0	啟用		2026/07/14	2026/07/14	成品	0
V20-DOME-COAXAUDIO-2P-6MM	V20 半球型 紅外線 同軸聲音 6mm	半球攝影機	3	0	啟用	承接舊P庫存:P0090=3	2026/07/16	2026/07/16	成品	0
V20-DOME-IR-18P-6MM	V20 半球形紅外線 18P 攝影機 - V20 6mm	半球攝影機	0	0	啟用		2026/07/14	2026/07/14	成品	0
V20-DOME-IR-8P-6MM	V20 半球形紅外線 8P 攝影機 - V20 6mm	半球攝影機	0	0	啟用		2026/07/14	2026/07/14	成品	0
V20-DOME-IR-18P-8MM	V20 半球形紅外線 18P 攝影機 - V20 8mm	半球攝影機	0	0	啟用		2026/07/14	2026/07/14	成品	0
V20-DOME-IR-8P-8MM	V20 半球形紅外線 8P 攝影機 - V20 8mm	半球攝影機	0	0	啟用		2026/07/14	2026/07/14	成品	0
V20-BULLET-WIDE1P8-2MP-IR-8P-1P8MM	超廣角1.8MM 兩百萬槍型紅外線 8P 攝影機 - V20 1.8mm	槍型攝影機	2	0	啟用	承接舊P庫存:P0079=2	2026/07/14	2026/07/16	成品	0
V20-BULLET-IR-6P-2P8MM	V20 槍型紅外線 6P 攝影機 - V20 2.8mm	槍型攝影機	73	0	啟用	承接舊P庫存:P0080=72; 承接舊P庫存:P0086=1	2026/07/14	2026/07/16	成品	0
V20-BULLET-IR-8P-2P8MM	V20 槍型紅外線 8P 攝影機 - V20 2.8mm	槍型攝影機	60	0	啟用	承接舊P庫存:P0078=60	2026/07/14	2026/07/16	成品	0
V20-BULLET-IR-6P-3P6MM	V20 槍型紅外線 6P 攝影機 - V20 3.6mm	槍型攝影機	51	0	啟用	承接舊P庫存:P0081=45; 承接舊P庫存:P0085=6	2026/07/14	2026/07/16	成品	0
V20-BULLET-IR-8P-3P6MM	V20 槍型紅外線 8P 攝影機 - V20 3.6mm	槍型攝影機	88	0	啟用	承接舊P庫存:P0077=88	2026/07/14	2026/07/16	成品	0
V20-BULLET-IR-6P-6MM	V20 槍型紅外線 6P 攝影機 - V20 6mm	槍型攝影機	117	0	啟用	承接舊P庫存:P0082=56; 承接舊P庫存:P0091=61	2026/07/14	2026/07/16	成品	0
V20-BULLET-IR-8P-6MM	V20 槍型紅外線 8P 攝影機 - V20 6mm	槍型攝影機	0	0	啟用		2026/07/14	2026/07/14	成品	0
V20-BULLET-IR-6P-8MM	V20 槍型紅外線 6P 攝影機 - V20 8mm	槍型攝影機	12	0	啟用	承接舊P庫存:P0083=11; 承接舊P庫存:P0087=1	2026/07/14	2026/07/16	成品	0
V20-BULLET-IR-8P-8MM	V20 槍型紅外線 8P 攝影機 - V20 8mm	槍型攝影機	0	0	啟用		2026/07/14	2026/07/14	成品	0
V20-SHIELD-IR-12P-2P7-13MM	V20 防護罩紅外線 12P 攝影機 - V20 2.7-13mm	防護罩攝影機	0	0	啟用		2026/07/15	2026/07/16	成品	0
V20-SHIELD-IR-12P-2P8-12MM	V20 防護罩紅外線 12P 攝影機 - V20 2.8-12mm	防護罩攝影機	11	0	啟用	承接舊P庫存:P0088=11	2026/07/15	2026/07/16	成品	0
V20-SHIELD-IR-12P-2P8MM	V20 防護罩紅外線 12P 攝影機 - V20 2.8mm	防護罩攝影機	0	0	啟用		2026/07/14	2026/07/14	成品	0
V20-SHIELD-IR-12P-3P6MM	V20 防護罩紅外線 12P 攝影機 - V20 3.6mm	防護罩攝影機	0	0	啟用		2026/07/14	2026/07/14	成品	0
V20-SHIELD-IR-12P-4MM	V20 防護罩 紅外線 4mm	防護罩攝影機	18	0	啟用	承接舊P庫存:P0089=18	2026/07/16	2026/07/16	成品	0
V20-SHIELD-IR-12P-6MM	V20 防護罩紅外線 12P 攝影機 - V20 6mm	防護罩攝影機	0	0	啟用		2026/07/14	2026/07/14	成品	0
V20-SHIELD-IR-12P-8MM	V20 防護罩紅外線 12P 攝影機 - V20 8mm	防護罩攝影機	0	0	啟用		2026/07/14	2026/07/14	成品	0
V22-AIO-IR-4P-2P8MM	V22 一體機紅外線 4P 攝影機 - V22 2.8mm	一體機攝影機	0	0	啟用		2026/07/14	2026/07/14	成品	0
V22-AIO-YELLOW-4P-2P8MM	V22 一體機黃光 4P 攝影機 - V22 2.8mm	一體機攝影機	344	0	啟用	承接舊P庫存:P0022=200; 承接舊P庫存:P0024=144	2026/07/14	2026/07/16	成品	0
V22-AIO-IR-4P-3P6MM	V22 一體機紅外線 4P 攝影機 - V22 3.6mm	一體機攝影機	307	0	啟用	承接舊P庫存:P0020=249; 承接舊P庫存:P0023=56; 承接舊P庫存:P0029=2	2026/07/14	2026/07/16	成品	0
V22-AIO-YELLOW-4P-3P6MM	V22 一體機黃光 4P 攝影機 - V22 3.6mm	一體機攝影機	102	0	啟用	承接舊P庫存:P0021=97; 承接舊P庫存:P0028=5	2026/07/14	2026/07/16	成品	0
V22-AIO-IR-4P-6MM	V22 一體機紅外線 4P 攝影機 - V22 6mm	一體機攝影機	5	0	啟用	承接舊P庫存:P0030=5	2026/07/14	2026/07/16	成品	0
V22-AIO-YELLOW-4P-6MM	V22 一體機黃光 4P 攝影機 - V22 6mm	一體機攝影機	2	0	啟用	承接舊P庫存:P0027=2	2026/07/14	2026/07/16	成品	0
V22-AIO-IR-4P-8MM	V22 一體機紅外線 4P 攝影機 - V22 8mm	一體機攝影機	0	0	啟用		2026/07/14	2026/07/14	成品	0
V22-AIO-YELLOW-4P-8MM	V22 一體機黃光 4P 攝影機 - V22 8mm	一體機攝影機	0	0	啟用		2026/07/14	2026/07/14	成品	0
V22-DOME-COAXAUDIO-2P-1P8MM	V22 半球帶聲音 1.8mm	半球攝影機	43	0	啟用	承接舊P庫存:P0025=43	2026/07/16	2026/07/16	成品	0
V22-DOME-WIDE1P8-2MP-IR-8P-1P8MM	V22 半球型 紅外線 1.8mm	半球攝影機	35	0	啟用	承接舊P庫存:P0026=35	2026/07/16	2026/07/16	成品	0
V22-DOME-COAXAUDIO-2P-2P8MM	半球形同軸聲音紅外線 2P 攝影機 - V22 2.8mm	半球攝影機	0	0	啟用		2026/07/14	2026/07/14	成品	0
V22-DOME-COAXAUDIO-2P-3P6MM	半球形同軸聲音紅外線 2P 攝影機 - V22 3.6mm	半球攝影機	19	0	啟用	承接舊P庫存:P0032=19	2026/07/14	2026/07/16	成品	0
V22-DOME-YELLOW-COAXAUDIO-2P-3P6MM	V22 半球型 黃光 同軸聲音 3.6mm	半球攝影機	31	0	啟用	承接舊P庫存:P0033=31	2026/07/16	2026/07/16	成品	0
V22-DOME-COAXAUDIO-2P-6MM	半球形同軸聲音紅外線 2P 攝影機 - V22 6mm	半球攝影機	0	0	啟用		2026/07/14	2026/07/14	成品	0
V22-DOME-COAXAUDIO-2P-8MM	半球形同軸聲音紅外線 2P 攝影機 - V22 8mm	半球攝影機	0	0	啟用		2026/07/14	2026/07/14	成品	0
4653-AIO-IR-4P-2P8MM	4653 一體機紅外線 4P 攝影機 - 4653 2.8mm	一體機攝影機	1	0	啟用	承接舊P庫存:P0067=1	2026/07/14	2026/07/16	成品	0
4653-AIO-YELLOW-4P-2P8MM	4653 一體機黃光 4P 攝影機 - 4653 2.8mm	一體機攝影機	10	0	啟用	承接舊P庫存:P0072=10	2026/07/14	2026/07/16	成品	0
4653-AIO-IR-4P-3P6MM	4653 一體機紅外線 4P 攝影機 - 4653 3.6mm	一體機攝影機	10	0	啟用	承接舊P庫存:P0068=10	2026/07/14	2026/07/14	成品	0
4653-AIO-YELLOW-4P-3P6MM	4653 一體機黃光 4P 攝影機 - 4653 3.6mm	一體機攝影機	0	0	啟用	承接舊P庫存:P0073=0	2026/07/14	2026/07/16	成品	0
4653-AIO-IR-4P-6MM	4653 一體機紅外線 4P 攝影機 - 4653 6mm	一體機攝影機	0	0	啟用	承接舊P庫存:P0069=0	2026/07/14	2026/07/16	成品	0
4653-AIO-YELLOW-4P-6MM	4653 一體機黃光 4P 攝影機 - 4653 6mm	一體機攝影機	10	0	啟用	承接舊P庫存:P0074=10	2026/07/14	2026/07/16	成品	0
4653-AIO-IR-4P-8MM	4653 一體機紅外線 4P 攝影機 - 4653 8mm	一體機攝影機	0	0	啟用	承接舊P庫存:P0070=0	2026/07/14	2026/07/16	成品	0
4653-AIO-YELLOW-4P-8MM	4653 一體機黃光 4P 攝影機 - 4653 8mm	一體機攝影機	0	0	啟用	承接舊P庫存:P0075=0	2026/07/14	2026/07/16	成品	0
4653-DOME-COAXAUDIO-2P-1P8MM	4653 8MP 半球型 紅外線 同軸聲音 1.8mm	半球攝影機	32	0	啟用	承接舊P庫存:P0059=32	2026/07/16	2026/07/16	成品	0
4653-DOME-WIDE1P8-SPECIAL-5MP-IR-8P-1P8MM	超廣角1.8MM專用 五百萬半球形紅外線 8P 攝影機 - 4653 1.8mm	半球攝影機	0	0	啟用		2026/07/14	2026/07/14	成品	0
4653-DOME-COAXAUDIO-2P-2P8MM	半球形同軸聲音紅外線 2P 攝影機 - 4653 2.8mm	半球攝影機	3	0	啟用	承接舊P庫存:P0060=3	2026/07/14	2026/07/16	成品	0
4653-DOME-IR-18P-2P8MM	4653 半球形紅外線 18P 攝影機 - 4653 2.8mm	半球攝影機	0	0	啟用		2026/07/14	2026/07/14	成品	0
4653-DOME-COAXAUDIO-2P-3P6MM	半球形同軸聲音紅外線 2P 攝影機 - 4653 3.6mm	半球攝影機	4	0	啟用	承接舊P庫存:P0061=4	2026/07/14	2026/07/16	成品	0
4653-DOME-IR-18P-3P6MM	4653 半球形紅外線 18P 攝影機 - 4653 3.6mm	半球攝影機	0	0	啟用		2026/07/14	2026/07/14	成品	0
4653-DOME-COAXAUDIO-2P-6MM	半球形同軸聲音紅外線 2P 攝影機 - 4653 6mm	半球攝影機	0	0	啟用		2026/07/14	2026/07/14	成品	0
4653-DOME-IR-18P-6MM	4653 半球形紅外線 18P 攝影機 - 4653 6mm	半球攝影機	0	0	啟用		2026/07/14	2026/07/14	成品	0
4653-DOME-COAXAUDIO-2P-8MM	半球形同軸聲音紅外線 2P 攝影機 - 4653 8mm	半球攝影機	0	0	啟用		2026/07/14	2026/07/14	成品	0
4653-DOME-IR-18P-8MM	4653 半球形紅外線 18P 攝影機 - 4653 8mm	半球攝影機	0	0	啟用		2026/07/14	2026/07/14	成品	0
4653-BULLET-WIDE1P8-5MP-IR-8P-1P8MM	超廣角1.8MM 五百萬槍型紅外線 8P 攝影機 - 4653 1.8mm	槍型攝影機	7	0	啟用	承接舊P庫存:P0064=7; 承接舊P庫存:P0065=0	2026/07/14	2026/07/16	成品	0
4653-BULLET-IR-8P-2P8MM	4653 槍型紅外線 8P 攝影機 - 4653 2.8mm	槍型攝影機	12	0	啟用	承接舊P庫存:P0063=12	2026/07/14	2026/07/16	成品	0
4653-BULLET-IR-8P-3P6MM	4653 槍型紅外線 8P 攝影機 - 4653 3.6mm	槍型攝影機	18	0	啟用	承接舊P庫存:P0058=5; 承接舊P庫存:P0062=13	2026/07/14	2026/07/16	成品	0
4653-BULLET-IR-8P-6MM	4653 槍型紅外線 8P 攝影機 - 4653 6mm	槍型攝影機	0	0	啟用		2026/07/14	2026/07/14	成品	0
4653-BULLET-IR-8P-8MM	4653 槍型紅外線 8P 攝影機 - 4653 8mm	槍型攝影機	0	0	啟用		2026/07/14	2026/07/14	成品	0
4653-SHIELD-IR-12P-2P7-13MM	4653 防護罩紅外線 12P 攝影機 - 4653 2.7-13mm	防護罩攝影機	0	0	啟用		2026/07/15	2026/07/16	成品	0
4653-SHIELD-IR-12P-2P8-12MM	4653 防護罩紅外線 12P 攝影機 - 4653 2.8-12mm	防護罩攝影機	0	0	啟用		2026/07/15	2026/07/16	成品	0
4653-SHIELD-IR-12P-2P8MM	4653 防護罩紅外線 12P 攝影機 - 4653 2.8mm	防護罩攝影機	0	0	啟用		2026/07/14	2026/07/14	成品	0
4653-SHIELD-IR-12P-3P6MM	4653 防護罩紅外線 12P 攝影機 - 4653 3.6mm	防護罩攝影機	0	0	啟用		2026/07/14	2026/07/14	成品	0
4653-SHIELD-YELLOW-12P-3P6MM	4653 防護罩 黃光 3.6mm	防護罩攝影機	0	0	啟用	承接舊P庫存:P0076=0	2026/07/16	2026/07/16	成品	0
4653-SHIELD-IR-12P-6MM	4653 防護罩紅外線 12P 攝影機 - 4653 6mm	防護罩攝影機	0	0	啟用		2026/07/14	2026/07/14	成品	0
4653-SHIELD-IR-12P-8MM	4653 防護罩紅外線 12P 攝影機 - 4653 8mm	防護罩攝影機	0	0	啟用		2026/07/14	2026/07/14	成品	0
5083-AIO-IR-4P-2P8MM	5083 一體機紅外線 4P 攝影機 - 5083 2.8mm	一體機攝影機	0	0	啟用		2026/07/14	2026/07/14	成品	0
5083-AIO-YELLOW-4P-2P8MM	5083 一體機黃光 4P 攝影機 - 5083 2.8mm	一體機攝影機	0	0	啟用		2026/07/14	2026/07/14	成品	0
5083-AIO-IR-4P-3P6MM	5083 一體機紅外線 4P 攝影機 - 5083 3.6mm	一體機攝影機	16	0	啟用	承接舊P庫存:P0107=16	2026/07/14	2026/07/16	成品	0
5083-AIO-YELLOW-4P-3P6MM	5083 一體機黃光 4P 攝影機 - 5083 3.6mm	一體機攝影機	33	0	啟用	承接舊P庫存:P0106=33	2026/07/14	2026/07/16	成品	0
5083-AIO-IR-4P-6MM	5083 一體機紅外線 4P 攝影機 - 5083 6mm	一體機攝影機	0	0	啟用		2026/07/14	2026/07/14	成品	0
5083-AIO-YELLOW-4P-6MM	5083 一體機黃光 4P 攝影機 - 5083 6mm	一體機攝影機	2	0	啟用	承接舊P庫存:P0105=2	2026/07/14	2026/07/16	成品	0
5083-AIO-IR-4P-8MM	5083 一體機紅外線 4P 攝影機 - 5083 8mm	一體機攝影機	0	0	啟用		2026/07/14	2026/07/14	成品	0
5083-AIO-YELLOW-4P-8MM	5083 一體機黃光 4P 攝影機 - 5083 8mm	一體機攝影機	0	0	啟用		2026/07/14	2026/07/14	成品	0
5083-DOME-COAXAUDIO-2P-1P8MM	5083 半球型 紅外線 同軸聲音 1.8mm	半球攝影機	19	0	啟用	承接舊P庫存:P0094=19	2026/07/16	2026/07/16	成品	0
5083-DOME-WIDE1P8-SPECIAL-5MP-IR-8P-1P8MM	超廣角1.8MM專用 五百萬半球形紅外線 8P 攝影機 - 5083 1.8mm	半球攝影機	24	0	啟用	承接舊P庫存:P0103=24	2026/07/14	2026/07/16	成品	0
5083-DOME-COAXAUDIO-2P-2P8MM	半球形同軸聲音紅外線 2P 攝影機 - 5083 2.8mm	半球攝影機	0	0	啟用	承接舊P庫存:P0095=0	2026/07/14	2026/07/16	成品	0
5083-DOME-IR-18P-2P8MM	5083 半球形紅外線 18P 攝影機 - 5083 2.8mm	半球攝影機	12	0	啟用	承接舊P庫存:P0093=12	2026/07/14	2026/07/16	成品	0
5083-DOME-COAXAUDIO-2P-3P6MM	半球形同軸聲音紅外線 2P 攝影機 - 5083 3.6mm	半球攝影機	28	0	啟用	承接舊P庫存:P0096=28	2026/07/14	2026/07/16	成品	0
5083-DOME-IR-18P-3P6MM	5083 半球形紅外線 18P 攝影機 - 5083 3.6mm	半球攝影機	36	0	啟用	承接舊P庫存:P0092=36	2026/07/14	2026/07/16	成品	0
5083-DOME-COAXAUDIO-2P-6MM	半球形同軸聲音紅外線 2P 攝影機 - 5083 6mm	半球攝影機	0	0	啟用		2026/07/14	2026/07/14	成品	0
5083-DOME-IR-18P-6MM	5083 半球形紅外線 18P 攝影機 - 5083 6mm	半球攝影機	0	0	啟用		2026/07/14	2026/07/14	成品	0
5083-DOME-COAXAUDIO-2P-8MM	半球形同軸聲音紅外線 2P 攝影機 - 5083 8mm	半球攝影機	0	0	啟用		2026/07/14	2026/07/14	成品	0
5083-DOME-IR-18P-8MM	5083 半球形紅外線 18P 攝影機 - 5083 8mm	半球攝影機	0	0	啟用		2026/07/14	2026/07/14	成品	0
5083-BULLET-WIDE1P8-5MP-IR-8P-1P8MM	超廣角1.8MM 五百萬槍型紅外線 8P 攝影機 - 5083 1.8mm	槍型攝影機	0	0	啟用	承接舊P庫存:P0097=0	2026/07/14	2026/07/16	成品	0
5083-BULLET-IR-8P-2P8MM	5083 槍型紅外線 8P 攝影機 - 5083 2.8mm	槍型攝影機	12	0	啟用	承接舊P庫存:P0098=12	2026/07/14	2026/07/16	成品	0
5083-BULLET-IR-8P-3P6MM	5083 槍型紅外線 8P 攝影機 - 5083 3.6mm	槍型攝影機	32	0	啟用	承接舊P庫存:P0099=32	2026/07/14	2026/07/16	成品	0
5083-BULLET-IR-8P-6MM	5083 槍型紅外線 8P 攝影機 - 5083 6mm	槍型攝影機	19	0	啟用	承接舊P庫存:P0100=19	2026/07/14	2026/07/16	成品	0
5083-BULLET-IR-8P-8MM	5083 槍型紅外線 8P 攝影機 - 5083 8mm	槍型攝影機	9	0	啟用	承接舊P庫存:P0101=9	2026/07/14	2026/07/16	成品	0
5083-SHIELD-IR-12P-2P7-13MM	5083 防護罩紅外線 12P 攝影機 - 5083 2.7-13mm	防護罩攝影機	0	0	啟用		2026/07/15	2026/07/16	成品	0
5083-SHIELD-IR-12P-2P8-12MM	5083 防護罩紅外線 12P 攝影機 - 5083 2.8-12mm	防護罩攝影機	9	0	啟用	承接舊P庫存:P0102=9	2026/07/15	2026/07/16	成品	0
5083-SHIELD-IR-12P-2P8MM	5083 防護罩紅外線 12P 攝影機 - 5083 2.8mm	防護罩攝影機	0	0	啟用		2026/07/14	2026/07/14	成品	0
5083-SHIELD-YELLOW-12P-2P8MM	5083 防護罩 黃光 2.8mm	防護罩攝影機	2	0	啟用	承接舊P庫存:P0109=2	2026/07/16	2026/07/16	成品	0
5083-SHIELD-IR-12P-3P6MM	5083 防護罩紅外線 12P 攝影機 - 5083 3.6mm	防護罩攝影機	0	0	啟用		2026/07/14	2026/07/14	成品	0
5083-SHIELD-IR-12P-4MM	5083 防護罩 紅外線 4mm	防護罩攝影機	14	0	啟用	承接舊P庫存:P0108=14	2026/07/16	2026/07/16	成品	0
5083-SHIELD-IR-12P-6MM	5083 防護罩紅外線 12P 攝影機 - 5083 6mm	防護罩攝影機	0	0	啟用		2026/07/14	2026/07/14	成品	0
5083-SHIELD-IR-12P-8MM	5083 防護罩紅外線 12P 攝影機 - 5083 8mm	防護罩攝影機	0	0	啟用		2026/07/14	2026/07/14	成品	0
5083-TOPSMOKE-IR-2P5MM	5083 5MP 頂煙型 紅外線 2.5mm	其他監視器	8	0	啟用	承接舊P庫存:P0104=8	2026/07/16	2026/07/16	成品	0
SONY307-DOME-WIDE1P8-2MP-IR-8P-1P8MM	超廣角1.8MM 兩百萬半球形紅外線 8P 攝影機 - Sony307 1.8mm	半球攝影機	0	0	啟用		2026/07/14	2026/07/14	成品	0
SONY307-DOME-WIDE1P8-SPECIAL-2MP-IR-8P-1P8MM	超廣角1.8MM專用 兩百萬半球形紅外線 8P 攝影機 - Sony307 1.8mm	半球攝影機	0	0	啟用		2026/07/14	2026/07/14	成品	0
SONY307-VANDAL-DOME-2P8-12MM	防爆半球 Sony 307-2441 2.8-12mm	半球攝影機	15	0	啟用	承接舊P庫存:P0019=15	2026/07/16	2026/07/16	成品	0
SONY307-DOME-IR-18P-2P8MM	Sony307 半球形紅外線 18P 攝影機 - Sony307 2.8mm	半球攝影機	0	0	啟用		2026/07/14	2026/07/14	成品	0
SONY307-DOME-IR-18P-3P6MM	Sony307 半球形紅外線 18P 攝影機 - Sony307 3.6mm	半球攝影機	5	0	啟用	承接舊P庫存:P0054=5	2026/07/14	2026/07/16	成品	0
SONY307-DOME-IR-18P-6MM	Sony307 半球形紅外線 18P 攝影機 - Sony307 6mm	半球攝影機	0	0	啟用		2026/07/14	2026/07/14	成品	0
SONY307-DOME-IR-18P-8MM	Sony307 半球形紅外線 18P 攝影機 - Sony307 8mm	半球攝影機	0	0	啟用		2026/07/14	2026/07/14	成品	0
SONY307-BULLET-WIDE1P8-2MP-IR-8P-1P8MM	超廣角1.8MM 兩百萬槍型紅外線 8P 攝影機 - Sony307 1.8mm	槍型攝影機	0	0	啟用		2026/07/14	2026/07/14	成品	0
SONY307-BULLET-IR-8P-2P8MM	Sony307 槍型紅外線 8P 攝影機 - Sony307 2.8mm	槍型攝影機	0	0	啟用		2026/07/14	2026/07/14	成品	0
SONY307-BULLET-IR-8P-3P6MM	Sony307 槍型紅外線 8P 攝影機 - Sony307 3.6mm	槍型攝影機	10	0	啟用	承接舊P庫存:P0055=10	2026/07/14	2026/07/16	成品	0
SONY307-BULLET-IR-8P-6MM	Sony307 槍型紅外線 8P 攝影機 - Sony307 6mm	槍型攝影機	0	0	啟用		2026/07/14	2026/07/14	成品	0
SONY307-BULLET-IR-8P-8MM	Sony307 槍型紅外線 8P 攝影機 - Sony307 8mm	槍型攝影機	0	0	啟用		2026/07/14	2026/07/14	成品	0
SONY307-SHIELD-IR-12P-2P7-13MM	Sony307 200萬防護罩紅外線 12P 攝影機 - Sony307 2.7-13mm	防護罩攝影機	0	0	啟用		2026/07/15	2026/07/16	成品	0
SONY307-SHIELD-IR-12P-2P8-12MM	Sony307 200萬防護罩紅外線 12P 攝影機 - Sony307 2.8-12mm	防護罩攝影機	6	0	啟用	承接舊P庫存:P0056=4; 承接舊P庫存:P0057=2	2026/07/15	2026/07/16	成品	0
SONY323-DOME-WIDE1P8-2MP-IR-8P-1P8MM	超廣角1.8MM 兩百萬半球形紅外線 8P 攝影機 - Sony323 1.8mm	半球攝影機	0	0	啟用	承接舊P庫存:P0053=0	2026/07/14	2026/07/16	成品	0
SONY323-DOME-WIDE1P8-SPECIAL-2MP-IR-8P-1P8MM	超廣角1.8MM專用 兩百萬半球形紅外線 8P 攝影機 - Sony323 1.8mm	半球攝影機	0	0	啟用		2026/07/14	2026/07/14	成品	0
SONY323-DOME-IR-18P-2P8MM	Sony323 半球形紅外線 18P 攝影機 - Sony323 2.8mm	半球攝影機	0	0	啟用		2026/07/14	2026/07/14	成品	0
SONY323-DOME-IR-18P-3P6MM	Sony323 半球形紅外線 18P 攝影機 - Sony323 3.6mm	半球攝影機	0	0	啟用		2026/07/14	2026/07/14	成品	0
SONY323-DOME-IR-18P-6MM	Sony323 半球形紅外線 18P 攝影機 - Sony323 6mm	半球攝影機	0	0	啟用		2026/07/14	2026/07/14	成品	0
SONY323-DOME-IR-18P-8MM	Sony323 半球形紅外線 18P 攝影機 - Sony323 8mm	半球攝影機	0	0	啟用		2026/07/14	2026/07/14	成品	0
SONY323-BULLET-WIDE1P8-2MP-IR-8P-1P8MM	超廣角1.8MM 兩百萬槍型紅外線 8P 攝影機 - Sony323 1.8mm	槍型攝影機	0	0	啟用	承接舊P庫存:P0043=0	2026/07/14	2026/07/16	成品	0
SONY323-BULLET-IR-6P-2P8MM	Sony 323 槍型 紅外線 6P 2.8mm	槍型攝影機	0	0	啟用	承接舊P庫存:P0047=0	2026/07/16	2026/07/16	成品	0
SONY323-BULLET-IR-8P-2P8MM	Sony323 槍型紅外線 8P 攝影機 - Sony323 2.8mm	槍型攝影機	113	0	啟用	承接舊P庫存:P0044=113	2026/07/14	2026/07/16	成品	0
SONY323-BULLET-IR-6P-3P6MM	Sony 323 槍型 紅外線 6P 3.6mm	槍型攝影機	25	0	啟用	承接舊P庫存:P0048=25	2026/07/16	2026/07/16	成品	0
SONY323-BULLET-IR-8P-3P6MM	Sony323 槍型紅外線 8P 攝影機 - Sony323 3.6mm	槍型攝影機	18	0	啟用	承接舊P庫存:P0045=18	2026/07/14	2026/07/16	成品	0
SONY323-BULLET-IR-6P-6MM	Sony 323 槍型 紅外線 6P 6mm	槍型攝影機	5	0	啟用	承接舊P庫存:P0049=5	2026/07/16	2026/07/16	成品	0
SONY323-BULLET-IR-8P-6MM	Sony323 槍型紅外線 8P 攝影機 - Sony323 6mm	槍型攝影機	62	0	啟用	承接舊P庫存:P0042=62	2026/07/14	2026/07/16	成品	0
SONY323-BULLET-IR-6P-8MM	Sony 323 槍型 紅外線 6P 8mm	槍型攝影機	4	0	啟用	承接舊P庫存:P0050=4	2026/07/16	2026/07/16	成品	0
SONY323-BULLET-IR-8P-8MM	Sony323 槍型紅外線 8P 攝影機 - Sony323 8mm	槍型攝影機	24	0	啟用	承接舊P庫存:P0046=24	2026/07/14	2026/07/16	成品	0
SONY323-SHIELD-IR-12P-2P7-13MM	Sony323 200萬防護罩紅外線 12P 攝影機 - Sony323 2.7-13mm	防護罩攝影機	0	0	啟用		2026/07/15	2026/07/16	成品	0
SONY323-SHIELD-IR-12P-2P8-12MM	Sony323 200萬防護罩紅外線 12P 攝影機 - Sony323 2.8-12mm	防護罩攝影機	0	0	啟用		2026/07/15	2026/07/16	成品	0
SONY323-TOPSMOKE-IR-3P7MM	Sony 323 頂煙型 紅外線 3.7mm	其他監視器	17	0	啟用	承接舊P庫存:P0052=17	2026/07/16	2026/07/16	成品	0
SONY335-DOME-WIDE1P8-SPECIAL-5MP-IR-8P-1P8MM	超廣角1.8MM專用 五百萬半球形紅外線 8P 攝影機 - Sony335 1.8mm	半球攝影機	12	0	啟用	承接舊P庫存:P0039=12	2026/07/14	2026/07/16	成品	0
SONY335-DOME-IR-18P-2P8MM	Sony335 半球形紅外線 18P 攝影機 - Sony335 2.8mm	半球攝影機	0	0	啟用		2026/07/14	2026/07/14	成品	0
SONY335-DOME-IR-18P-3P6MM	Sony335 半球形紅外線 18P 攝影機 - Sony335 3.6mm	半球攝影機	8	0	啟用	承接舊P庫存:P0038=8	2026/07/14	2026/07/16	成品	0
SONY335-DOME-IR-18P-6MM	Sony335 半球形紅外線 18P 攝影機 - Sony335 6mm	半球攝影機	0	0	啟用		2026/07/14	2026/07/14	成品	0
SONY335-DOME-IR-18P-8MM	Sony335 半球形紅外線 18P 攝影機 - Sony335 8mm	半球攝影機	0	0	啟用		2026/07/14	2026/07/14	成品	0
SONY335-BULLET-WIDE1P8-5MP-IR-8P-1P8MM	超廣角1.8MM 五百萬槍型紅外線 8P 攝影機 - Sony335 1.8mm	槍型攝影機	45	0	啟用	承接舊P庫存:P0034=35; 承接舊P庫存:P0037=10	2026/07/14	2026/07/16	成品	0
SONY335-BULLET-IR-8P-2P8MM	Sony335 槍型紅外線 8P 攝影機 - Sony335 2.8mm	槍型攝影機	0	0	啟用		2026/07/14	2026/07/14	成品	0
SONY335-BULLET-IR-6P-3P6MM	Sony 335 槍型 紅外線 6P 3.6mm	槍型攝影機	17	0	啟用	承接舊P庫存:P0035=17	2026/07/16	2026/07/16	成品	0
SONY335-BULLET-IR-8P-3P6MM	Sony335 槍型紅外線 8P 攝影機 - Sony335 3.6mm	槍型攝影機	0	0	啟用		2026/07/14	2026/07/14	成品	0
SONY335-BULLET-IR-8P-6MM	Sony335 槍型紅外線 8P 攝影機 - Sony335 6mm	槍型攝影機	0	0	啟用		2026/07/14	2026/07/14	成品	0
SONY335-BULLET-IR-6P-8MM	Sony 335 槍型 紅外線 6P 8mm	槍型攝影機	2	0	啟用	承接舊P庫存:P0036=2	2026/07/16	2026/07/16	成品	0
SONY335-BULLET-IR-8P-8MM	Sony335 槍型紅外線 8P 攝影機 - Sony335 8mm	槍型攝影機	0	0	啟用		2026/07/14	2026/07/14	成品	0
SONY335-SHIELD-IR-12P-2P7-13MM	Sony335 500萬防護罩紅外線 12P 攝影機 - Sony335 2.7-13mm	防護罩攝影機	0	0	啟用		2026/07/15	2026/07/16	成品	0
SONY335-SHIELD-IR-12P-2P8-12MM	Sony335 500萬防護罩紅外線 12P 攝影機 - Sony335 2.8-12mm	防護罩攝影機	0	0	啟用		2026/07/15	2026/07/16	成品	0
SONY335-SHIELD-YELLOW-12P-3P6MM	Sony 335 防護罩 黃光 3.6mm	防護罩攝影機	0	0	啟用	承接舊P庫存:P0041=0	2026/07/16	2026/07/16	成品	0
SONY335-SHIELD-IR-12P-4MM	Sony 335 防護罩 紅外線 4mm	防護罩攝影機	7	0	啟用	承接舊P庫存:P0040=7	2026/07/16	2026/07/16	成品	0
SONY415-DOME-COAXAUDIO-2P-2P8MM	半球形同軸聲音紅外線 2P 攝影機 - Sony415 2.8mm	半球攝影機	0	0	啟用		2026/07/14	2026/07/14	成品	0
SONY415-DOME-COAXAUDIO-2P-3P6MM	半球形同軸聲音紅外線 2P 攝影機 - Sony415 3.6mm	半球攝影機	0	0	啟用		2026/07/14	2026/07/14	成品	0
SONY415-DOME-COAXAUDIO-2P-6MM	半球形同軸聲音紅外線 2P 攝影機 - Sony415 6mm	半球攝影機	0	0	啟用		2026/07/14	2026/07/14	成品	0
SONY415-DOME-COAXAUDIO-2P-8MM	半球形同軸聲音紅外線 2P 攝影機 - Sony415 8mm	半球攝影機	0	0	啟用		2026/07/14	2026/07/14	成品	0
SONY415-BULLET-IR-8P-2P8MM	Sony 415 槍型 2.8mm	槍型攝影機	10	0	啟用	承接舊P庫存:P0017=10	2026/07/16	2026/07/16	成品	0
SONY415-BULLET-IR-8P-3P6MM	Sony 415 槍型 3.6mm	槍型攝影機	10	0	啟用	承接舊P庫存:P0018=10	2026/07/16	2026/07/16	成品	0
F23-BULLET-IR-2P8MM	F23 2MP 槍型 紅外線 2.8mm	槍型攝影機	7	0	啟用	承接舊P庫存:P0110=7	2026/07/16	2026/07/16	成品	0
F23-PINHOLE-IR-3P7MM	F23 星光級 針孔豆干型 紅外線 3.7mm	其他監視器	1	0	啟用	承接舊P庫存:P0111=1	2026/07/16	2026/07/16	成品	0
F23-DISC-IR-1P8MM	F23 星光級 碟型 紅外線 1.8mm	其他監視器	4	0	啟用	承接舊P庫存:P0112=4	2026/07/16	2026/07/16	成品	0
BLACKNET-8MP-AIO	黑光網 8MP 一體機	一體機攝影機	3	0	啟用	承接舊P庫存:P0114=3	2026/07/16	2026/07/16	成品	0
BLACKNET-8MP-DOME-3P6MM	黑光網 8MP 半球 3.6mm	半球攝影機	8	0	啟用	承接舊P庫存:P0016=8	2026/07/16	2026/07/16	成品	0
AHD-5X-AF-DOME-2P8-12MM	AHD 5X 自動對焦球型 紅外線 2.8-12mm	其他監視器	1	0	啟用	承接舊P庫存:P0113=1	2026/07/16	2026/07/16	成品	0
AHD-2MP-SCREW-PINHOLE	螺絲型針孔攝影機 2MP AHD	其他監視器	7	0	啟用	承接舊P庫存:P0262=7	2026/07/16	2026/07/16	成品	0
